都道府県コード又は市区町村コード,NO,都道府県名,市区町村名,名称,名称_カナ,名称_通称,POIコード,住所,方書,緯度,経度,電話番号,内線番号,法人番号,団体名,利用可能曜日,開始時間,終了時間,利用可能時間特記事項,説明,バリアフリー情報,URL,備考
131105,1,東京都,目黒区,目黒区役所,メグロクヤクショ,目黒区総合庁舎,1302a,東京都目黒区上目黒 2-19-15,総合庁舎本館1階,35.641263,139.698591,03-3715-1111,,1.00E+12,目黒区,,,,,,,,
131105,2,東京都,目黒区,北部地区サービス事務所,ホクブチクサービスジムショ,,1304a,東京都目黒区大橋 1-5-1,クロスエアタワー9階,35.651456,139.688433,03-3496-5208,,1.00E+12,目黒区,,,,,,,,
131105,3,東京都,目黒区,東部地区サービス事務所,トウブチクサービスジムショ,,1304a,東京都目黒区上目黒 2-19-15,総合庁舎本館1階,35.641263,139.698591,03-5722-9752,,1.00E+12,目黒区,,,,,,,,
131105,4,東京都,目黒区,中央地区サービス事務所,チュウオウチクサービスジムショ,,1304a,東京都目黒区中央町 2-9-13,食販ビル1階,35.630972,139.691958,03-5722-9885,,1.00E+12,目黒区,,,,,,,,
131105,5,東京都,目黒区,南部地区サービス事務所,ナンブチクサービスジムショ,,1304a,東京都目黒区碑文谷 1-18-14,碑小学校内南西側,35.619316,139.690579,03-3719-2071,,1.00E+12,目黒区,,,,,,,,
131105,6,東京都,目黒区,西部地区サービス事務所,セイブチクサービスジムショ,,1304a,東京都目黒区柿の木坂 1-28-10,,35.619904,139.675704,03-5731-2500,,1.00E+12,目黒区,,,,,,,,
131105,7,東京都,目黒区,目黒駅行政サービス窓口,メグロエキギョウセイサービスマドグチ,,1304a,東京都目黒区品川区上大崎 3-1-1,JR東急目黒ビル地下2階,35.633423,139.715644,03-5437-2280,,1.00E+12,目黒区,,,,,,,,
131105,8,東京都,目黒区,北部包括支援センター,ホクブホウカツシエンセンター,,1499a,東京都目黒区大橋 1-5-1,クロスエアタワー9階,35.651456,139.688433,03-5428-6891,,1.00E+12,目黒区,,,,,,,,
131105,9,東京都,目黒区,東部包括支援センター,トウブホウカツシエンセンター,,1499a,東京都目黒区上目黒 2-19-15,総合庁舎本館1階,35.641263,139.698591,03-5724-8030,,1.00E+12,目黒区,,,,,,,,
131105,10,東京都,目黒区,中央包括支援センター,チュウオウホウカツシエンセンター,,1499a,東京都目黒区中央町 2-9-13,食販ビル2階,35.630972,139.691958,03-5724-8066,,1.00E+12,目黒区,,,,,,,,
131105,11,東京都,目黒区,南部包括支援センター,ナンブホウカツシエンセンター,,1499a,東京都目黒区碑文谷 1-18-14,碑小学校内南西側,35.619316,139.690579,03-5724-8033,,1.00E+12,目黒区,,,,,,,,
131105,12,東京都,目黒区,西部包括支援センター,セイブホウカツシエンセンター,,1499a,東京都目黒区柿の木坂 1-28-10,,35.619904,139.675704,03-5701-7244,,1.00E+12,目黒区,,,,,,,,
131105,13,東京都,目黒区,区民斎場,セレモニーメグロ（クミンサイジョウ）,セレモニー目黒,1399a,東京都目黒区八雲 1-1-9,区民キャンパス内,35.62057,139.67386,03-5701-3777,,1.00E+12,目黒区,,,,,,,,
131105,14,東京都,目黒区,中小企業センター,チュウショウキギョウセンター,,1309a,東京都目黒区目黒 2-4-36,区民センター内,35.635914,139.70807,03-3711-1135,,1.00E+12,目黒区,,,,,,,,
131105,15,東京都,目黒区,勤労福祉会館,キンロウフクシカイカン,,1309a,東京都目黒区目黒 2-4-36,区民センター内,35.635914,139.70807,03-3711-1135,,1.00E+12,目黒区,,,,,,,,
131105,16,東京都,目黒区,消費生活センター,ショウヒセイカツセンター,,1309a,東京都目黒区目黒 2-4-36,区民センター内,35.635914,139.70807,03-3711-1133,,1.00E+12,目黒区,,,,,,,,
131105,17,東京都,目黒区,ワークサポートめぐろ,ワークサポートメグロ,,1219a,東京都目黒区上目黒 2-19-15,総合庁舎本館1階,35.641263,139.698591,03-5722-9326,,1.00E+12,目黒区,,,,,,,,
131105,18,東京都,目黒区,駒場住区センター,コマバジュウクセンター,,1309a,東京都目黒区駒場 1-22-4,,35.656295,139.686531,03-3469-2613,,1.00E+12,目黒区,,,,,,,,
131105,19,東京都,目黒区,菅刈住区センター,スゲカリジュウクセンター,,1309a,東京都目黒区青葉台 2-10-18,,35.649801,139.695613,03-3461-7235,,1.00E+12,目黒区,,,,,,,,
131105,20,東京都,目黒区,東山住区センター,ヒガシヤマジュウクセンター,,1309a,東京都目黒区東山 2-24-30,東山小学校内,35.646695,139.685956,03-3715-1836,,1.00E+12,目黒区,,,,,,,,
131105,21,東京都,目黒区,烏森住区センター,カラスモリジュウクセンター,,1309a,東京都目黒区上目黒 3-44-2,,35.643932,139.691644,03-3719-0594,,1.00E+12,目黒区,,,,,,,,
131105,22,東京都,目黒区,中目黒住区センター,ナカメグロジュウクセンター,,1309a,東京都目黒区中目黒 2-10-13,中目黒スクエア内,35.640452,139.703029,03-3719-0694,,1.00E+12,目黒区,,,,,,,,
131105,23,東京都,目黒区,田道住区センター,デンドウジュウクセンター,,1309a,東京都目黒区目黒 1-25-26,田道ふれあい館内,35.636722,139.708179,03-5721-2303,,1.00E+12,目黒区,,,,,,,,
131105,24,東京都,目黒区,田道住区センター三田分室,デンドウジュウクセンターミタブンシツ,,1309a,東京都目黒区三田 2-10-33,,35.638819,139.712487,03-3791-7901,,1.00E+12,目黒区,,,,,,,,
131105,25,東京都,目黒区,下目黒住区センター,シモメグロジュウクセンター,,1309a,東京都目黒区下目黒 2-20-19,,35.632939,139.709898,03-5496-5813,,1.00E+12,目黒区,,,,,,,,
131105,26,東京都,目黒区,不動住区センター,フドウジュウクセンター,,1309a,東京都目黒区下目黒 6-8-23,,35.626409,139.701038,03-3793-8901,,1.00E+12,目黒区,,,,,,,,
131105,27,東京都,目黒区,上目黒住区センター,カミメグロジュウクセンター,,1309a,東京都目黒区祐天寺 2-6-6,,35.637083,139.693766,03-3793-1101,,1.00E+12,目黒区,,,,,,,,
131105,28,東京都,目黒区,油面住区センター,アブラメンジュウクセンター,,1309a,東京都目黒区中町 1-6-23,,35.631375,139.699785,03-3719-0894,,1.00E+12,目黒区,,,,,,,,
131105,29,東京都,目黒区,五本木住区センター,ゴホンギジュウクセンター,,1309a,東京都目黒区中央町 2-17-2,,35.633186,139.689298,03-3791-3541,,1.00E+12,目黒区,,,,,,,,
131105,30,東京都,目黒区,鷹番住区センター,タカバンジュウクセンター,,1309a,東京都目黒区鷹番 3-17-20,,35.628225,139.683159,03-3715-9231,,1.00E+12,目黒区,,,,,,,,
131105,31,東京都,目黒区,月光原住区センター,ゲッコウハラジュウクセンター,,1309a,東京都目黒区目黒本町 4-16-18,,35.622074,139.694686,03-3714-0694,,1.00E+12,目黒区,,,,,,,,
131105,32,東京都,目黒区,向原住区センター,ムカイハラジュウクセンター,,1309a,東京都目黒区目黒本町 5-22-11,,35.618716,139.6986,03-3794-5441,,1.00E+12,目黒区,,,,,,,,
131105,33,東京都,目黒区,碑住区センター,イシブミジュウクセンター,,1309a,東京都目黒区碑文谷 2-16-6,,35.620765,139.687651,03-3792-0784,,1.00E+12,目黒区,,,,,,,,
131105,34,東京都,目黒区,原町住区センター,ハラマチジュウクセンター,,1309a,東京都目黒区南 1-8-9,,35.615151,139.689363,03-3725-0731,,1.00E+12,目黒区,,,,,,,,
131105,35,東京都,目黒区,大岡山東住区センター,オオオカヤマヒガシジュウクセンター,,1309a,東京都目黒区碑文谷 3-15-5,,35.617809,139.684238,03-3792-7301,,1.00E+12,目黒区,,,,,,,,
131105,36,東京都,目黒区,大岡山西住区センター,オオオカヤマニシジュウクセンター,,1309a,東京都目黒区平町 1-15-12,,35.615907,139.679162,03-3724-5251,,1.00E+12,目黒区,,,,,,,,
131105,37,東京都,目黒区,中根住区センター,ナカネジュウクセンター,,1309a,東京都目黒区大岡山 1-37-2,,35.61269,139.679532,03-3725-8665,,1.00E+12,目黒区,,,,,,,,
131105,38,東京都,目黒区,自由が丘住区センター,ジユウガオカジュウクセンター,,1309a,東京都目黒区自由が丘 1-24-12,,35.609913,139.669161,03-3718-1195,,1.00E+12,目黒区,,,,,,,,
131105,39,東京都,目黒区,自由が丘住区センター宮前分室,ジユウガオカジュウクセンターミヤマエブンシツ,,1309a,東京都目黒区八雲 3-22-15,,35.61564,139.665406,03-3723-7104,,1.00E+12,目黒区,,,,,,,,
131105,40,東京都,目黒区,八雲住区センター,ヤクモジュウクセンター,,1309a,東京都目黒区八雲 1-10-5,,35.618715,139.672271,03-3718-0851,,1.00E+12,目黒区,,,,,,,,
131105,41,東京都,目黒区,東根住区センター,ヒガシネジュウクセンター,,1309a,東京都目黒区東が丘 1-7-14,,35.62724,139.670043,03-3795-4445,,1.00E+12,目黒区,,,,,,,,
131105,42,東京都,目黒区,目黒区エコプラザ,メグロクエコプラザ,,2005a,東京都目黒区目黒 1-25-26,田道ふれあい館地下1階,35.636722,139.708179,03-5721-2300,,1.00E+12,目黒区,,,,,,,,
131105,43,東京都,目黒区,東山社会教育館,ヒガシヤマシャカイキョウイクカン,,1307a,東京都目黒区東山 3-24-2,,35.64787,139.685397,03-3791-4611,,1.00E+12,目黒区,,,,,,,,
131105,44,東京都,目黒区,目黒区民センター社会教育館,メグロクミンセンターシャカイキョウイクカン,,1307a,東京都目黒区目黒 2-4-36,,35.635914,139.70807,03-3711-1137,,1.00E+12,目黒区,,,,,,,,
131105,45,東京都,目黒区,中央町社会教育館,チュウオウチョウシャカイキョウイクカン,,1307a,東京都目黒区中央町 2-4-18,中央町さくらプラザ内,35.632008,139.692174,03-3713-4127,,1.00E+12,目黒区,,,,,,,,
131105,46,東京都,目黒区,目黒本町社会教育館,メグロホンチョウシャカイキョウイクカン,,1307a,東京都目黒区目黒本町 2-1-20,,35.625223,139.695225,03-3792-6321,,1.00E+12,目黒区,,,,,,,,
131105,47,東京都,目黒区,緑が丘文化会館,ミドリガオカブンカカイカン,,1309a,東京都目黒区緑が丘 2-14-23,緑が丘コミュニティセンター内,35.609352,139.673277,03-3723-8741,,1.00E+12,目黒区,,,,,,,,
131105,48,東京都,目黒区,青少年プラザ,セイショウネンプラザ,,1309a,東京都目黒区中目黒 2-10-13,中目黒スクエア内,35.640452,139.703029,03-5721-8575,,1.00E+12,目黒区,,,,,,,,
131105,49,東京都,目黒区,男女平等・共同参画センター,ダンジョビョウドウ・キョウドウサンカクセンター,,1399a,東京都目黒区中目黒 2-10-13,中目黒スクエア内,35.640452,139.703029,03-5721-8570,,1.00E+12,目黒区,,,,,,,,
131105,50,東京都,目黒区,八雲中央図書館,ヤクモチュウオウトショカン,,1512a,東京都目黒区八雲 1-1-1,区民キャンパス内,35.621542,139.672741,03-5701-2795,,1.00E+12,目黒区,,,,,,,,
131105,51,東京都,目黒区,大橋図書館,オオハシトショカン,,1512a,東京都目黒区大橋 1-5-1,クロスエアタワー9階,35.651456,139.688433,03-3770-3101,,1.00E+12,目黒区,,,,,,,,
131105,52,東京都,目黒区,中目黒駅前図書館,ナカメグロエキマエトショカン,,1512a,東京都目黒区上目黒 2-1-3,中目黒GT内,35.643232,139.698638,03-3710-7253,,1.00E+12,目黒区,,,,,,,,
131105,53,東京都,目黒区,目黒区民センター図書館,メグロクミンセンタートショカン,,1512a,東京都目黒区目黒 2-4-36,,35.635453,139.707868,03-3711-1138,,1.00E+12,目黒区,,,,,,,,
131105,54,東京都,目黒区,守屋図書館,モリヤトショカン,,1512a,東京都目黒区五本木 2-20-15,,35.634105,139.689039,03-3711-7465,,1.00E+12,目黒区,,,,,,,,
131105,55,東京都,目黒区,目黒本町図書館,メグロホンチョウトショカン,,1512a,東京都目黒区目黒本町 2-1-20,,35.625223,139.695225,03-3792-6325,,1.00E+12,目黒区,,,,,,,,
131105,56,東京都,目黒区,洗足図書館,センゾクトショカン,,1512a,東京都目黒区洗足 2-8-26,,35.612372,139.692362,03-3719-7651,,1.00E+12,目黒区,,,,,,,,
131105,57,東京都,目黒区,緑が丘図書館,ミドリガオカトショカン,,1512a,東京都目黒区緑が丘 2-14-23,緑が丘コミュニティセンター内,35.609352,139.673277,03-3723-0661,,1.00E+12,目黒区,,,,,,,,
131105,58,東京都,目黒区,めぐろ歴史資料館,メグロレキシシリョウカン,,0803a,東京都目黒区中目黒 3-6-10,,35.639384,139.702725,03-3715-3571,,1.00E+12,目黒区,,,,,,,,
131105,59,東京都,目黒区,古民家,コミンカ,,0622a,東京都目黒区碑文谷 3-11-22,すずめのお宿緑地公園内,35.618579,139.684451,03-3714-8882,,1.00E+12,目黒区,,,,,,,,
131105,60,東京都,目黒区,目黒区美術館,メグロクビジュツカン,,0802a,東京都目黒区目黒 2-4-36,区民センター内,35.634877,139.707728,03-3714-1201,,1.00E+12,目黒区,,,,,,,,
131105,61,東京都,目黒区,めぐろパーシモンホール,メグロパーシモンホール,,1308a,東京都目黒区八雲 1-1-1,区民キャンパス内,35.621542,139.672741,03-5701-2924,,1.00E+12,目黒区,,,,,,,,
131105,62,東京都,目黒区,中目黒ＧＴプラザホール,ナカメグロジィーティープラザホール,,1308a,東京都目黒区上目黒 2-1-3,中目黒ＧＴ内,35.643481,139.698809,03-6412-5377,,1.00E+12,目黒区,,,,,,,,
131105,63,東京都,目黒区,中央体育館,チュウオウタイイクカン,,1110a,東京都目黒区目黒本町 5-22-8,,35.61903,139.698961,03-3714-9591,,1.00E+12,目黒区,,,,,,,,
131105,64,東京都,目黒区,駒場体育館,コマバタイイクカン・プール（ホクブチクプール）・テイキュウジョウ・ゲートボールジョウ,,1199a,東京都目黒区駒場 2-19-39,,35.658083,139.680147,03-3485-7761,,1.00E+12,目黒区,,,,,,,,
131105,65,東京都,目黒区,駒場プール,コマバタイイクカン・プール（ホクブチクプール）・テイキュウジョウ・ゲートボールジョウ,北部地区プール,1199a,東京都目黒区駒場 2-19-39,,35.658083,139.680147,03-3485-7761,,1.00E+12,目黒区,,,,,,,,
131105,66,東京都,目黒区,駒場庭球場・ゲートボール場,コマバタイイクカン・プール（ホクブチクプール）・テイキュウジョウ・ゲートボールジョウ,,1199a,東京都目黒区駒場 2-19-39,,35.658083,139.680147,03-3485-7761,,1.00E+12,目黒区,,,,,,,,
131105,67,東京都,目黒区,目黒区民センター体育館,メグロクミンセンタータイイクカン・プール（トウブチクプール）・テイキュウジョウ,,1199a,東京都目黒区目黒 2-4-36,,35.635403,139.708472,03-3711-1139,,1.00E+12,目黒区,,,,,,,,
131105,68,東京都,目黒区,目黒区民センタープール,メグロクミンセンタータイイクカン・プール（トウブチクプール）・テイキュウジョウ,東部地区プール,1199a,東京都目黒区目黒 2-4-36,,35.635403,139.708472,03-3711-1139,,1.00E+12,目黒区,,,,,,,,
131105,69,東京都,目黒区,目黒区民センター庭球場,メグロクミンセンタータイイクカン・プール（トウブチクプール）・テイキュウジョウ,,1199a,東京都目黒区目黒 2-4-36,,35.635403,139.708472,03-3711-1139,,1.00E+12,目黒区,,,,,,,,
131105,70,東京都,目黒区,碑文谷体育館,ヒモンヤタイイクカン・テイキュウジョウ・ヤキュウジョウ,,1199a,東京都目黒区碑文谷 6-12-43,,35.627225,139.682079,03-3760-1941,,1.00E+12,目黒区,,,,,,,,
131105,71,東京都,目黒区,碑文谷庭球場,ヒモンヤタイイクカン・テイキュウジョウ・ヤキュウジョウ,,1199a,東京都目黒区碑文谷 6-12-43,,35.627225,139.682079,03-3760-1941,,1.00E+12,目黒区,,,,,,,,
131105,72,東京都,目黒区,碑文谷野球場,ヒモンヤタイイクカン・テイキュウジョウ・ヤキュウジョウ,,1199a,東京都目黒区碑文谷 6-12-43,,35.627225,139.682079,03-3760-1941,,1.00E+12,目黒区,,,,,,,,
131105,73,東京都,目黒区,八雲体育館,ヤクモタイイクカン,,1110a,東京都目黒区八雲 1-1-1,区民キャンパス内,35.621542,139.672741,03-5701-2984,,1.00E+12,目黒区,,,,,,,,
131105,74,東京都,目黒区,緑ヶ丘小学校屋内プール,ミドリガオカショウガッコウオクナイプール（セイブチクプール）,西部地区プール,1107a,東京都目黒区緑が丘 2-13-1,,35.60991,139.674223,03-3718-3130,,1.00E+12,目黒区,,,,,,,,
131105,75,東京都,目黒区,五本木小学校屋内プール,ゴホンギショウガッコウオクナイプール（チュウオウチクプール）,中央地区プール,1107a,東京都目黒区五本木 2-24-3,,35.634466,139.687889,03-3714-8511,,1.00E+12,目黒区,,,,,,,,
131105,76,東京都,目黒区,碑小学校屋内プール,イシブミショウガッコウオクナイプール（ナンブチクプール）,南部地区プール,1107a,東京都目黒区碑文谷 1-18-14,,35.619316,139.690579,03-3793-2606,,1.00E+12,目黒区,,,,,,,,
131105,77,東京都,目黒区,砧野球場・サッカー場,キヌタヤキュウジョウ・サッカージョウ,,1199a,東京都世田谷区喜多見 1-12-2,,35.620867,139.596029,03-3415-2361,,1.00E+12,目黒区,,,,,,,,
131105,78,東京都,目黒区,宮前公園庭球場,ミヤマエコウエンテイキュウジョウ,,1116a,東京都目黒区八雲 3-19-12,,35.61698,139.665149,03-3723-3342,,1.00E+12,目黒区,,,,,,,,
131105,79,東京都,目黒区,下目黒福祉工房,シモメグロフクシコウボウ,,1499a,東京都目黒区下目黒 3-10-2,,35.627873,139.711501,03-3793-2590,,1.00E+12,目黒区,,,,,,,,
131105,80,東京都,目黒区,目黒本町福祉工房,メグロホンチョウフクシコウボウ,,1499a,東京都目黒区目黒本町 1-14-24,,35.628592,139.695724,03-3713-5798,,1.00E+12,目黒区,,,,,,,,
131105,81,東京都,目黒区,かみよん工房,カミヨンコウボウ,,1499a,東京都目黒区上目黒 4-1-26,,35.64191,139.692041,03-3760-3059,,1.00E+12,目黒区,,,,,,,,
131105,82,東京都,目黒区,大橋えのき園,オオハシエノキエン,,1499a,東京都目黒区大橋 2-19-38,,35.655426,139.682005,03-3465-5192,,1.00E+12,目黒区,,,,,,,,
131105,83,東京都,目黒区,児童発達支援センターすくすくのびのび園,ジドウハッタツシエンセンタースクスクノビノビエン,,1499a,東京都目黒区中央町 2-23-24,ひまわりプラザ内,35.630828,139.690942,03-3714-1617,,1.00E+12,目黒区,,,,,,,,
131105,84,東京都,目黒区,のぞみ寮,ノゾミリョウ,,1499a,東京都目黒区目黒 3-4-4,,35.630423,139.708779,03-5722-2575,,1.00E+12,目黒区,,,,,,,,
131105,85,東京都,目黒区,東が丘障害福祉施設,ヒガシガオカショウガイフクシシセツ,,1499a,東京都目黒区東が丘 1-21-15,,35.627444,139.667838,03-3410-0778,,1.00E+12,目黒区,,,,,,,,
131105,86,東京都,目黒区,心身障害者センターあいアイ館,シンシンショウガイシャセンターアイアイカン,,1499a,東京都目黒区八雲 1-1-8,区民キャンパス内,35.620523,139.673267,03-5701-2221,,1.00E+12,目黒区,,,,,,,,
131105,87,東京都,目黒区,福祉の店ＳｕｎＭａｒｃｈｅ(さんまるしぇ）,フクシノミセサンマルシェ,,1499a,東京都目黒区目黒本町 1-14-24,目黒本町福祉工房1階,35.628592,139.695724,03-3794-4615,,1.00E+12,目黒区,,,,,,,,
131105,88,東京都,目黒区,駒場老人いこいの家,コマバロウジンイコイノイエ,,1499a,東京都目黒区駒場 1-26-6,,35.657158,139.685425,03-3468-8834,,1.00E+12,目黒区,,,,,,,,
131105,89,東京都,目黒区,菅刈老人いこいの家,スゲカリロウジンイコイノイエ,,1499a,東京都目黒区青葉台 2-10-18,菅刈住区センター内,35.649801,139.695613,03-3461-7250,,1.00E+12,目黒区,,,,,,,,
131105,90,東京都,目黒区,東山老人いこいの家,ヒガシヤマロウジンイコイノイエ,,1499a,東京都目黒区東山 3-19-18,東山住区センター内,35.648647,139.687129,03-3715-1868,,1.00E+12,目黒区,,,,,,,,
131105,91,東京都,目黒区,烏森老人いこいの家,カラスモリロウジンイコイノイエ,,1499a,東京都目黒区上目黒 3-44-2,烏森住区センター内,35.643932,139.691644,03-3719-0595,,1.00E+12,目黒区,,,,,,,,
131105,92,東京都,目黒区,上二老人いこいの家,カミニロウジンイコイノイエ,,1499a,東京都目黒区上目黒 2-10-4,,35.641403,139.699125,03-3715-8282,,1.00E+12,目黒区,,,,,,,,
131105,93,東京都,目黒区,田道老人いこいの家,デンドウロウジンイコイノイエ,,1499a,東京都目黒区目黒 3-1-18,,35.635106,139.706004,03-3712-6874,,1.00E+12,目黒区,,,,,,,,
131105,94,東京都,目黒区,三田分室老人いこいの家,ミタブンシツロウジンイコイノイエ,,1499a,東京都目黒区三田 2-10-33,田道住区センター三田分室内,35.638819,139.712487,03-5721-2304,,1.00E+12,目黒区,,,,,,,,
131105,95,東京都,目黒区,下目黒老人いこいの家,シモメグロロウジンイコイノイエ,,1499a,東京都目黒区下目黒 2-20-19,下目黒住区センター内,35.632939,139.709898,03-5496-5814,,1.00E+12,目黒区,,,,,,,,
131105,96,東京都,目黒区,不動老人いこいの家,フドウロウジンイコイノイエ,,1499a,東京都目黒区下目黒 6-8-23,不動住区センター内,35.626409,139.701038,03-3793-9431,,1.00E+12,目黒区,,,,,,,,
131105,97,東京都,目黒区,上目黒老人いこいの家,カミメグロロウジンイコイノイエ,,1499a,東京都目黒区上目黒 4-18-15,,35.640854,139.691172,03-5704-0350,,1.00E+12,目黒区,,,,,,,,
131105,98,東京都,目黒区,中町老人いこいの家,ナカチョウロウジンイコイノイエ,,1499a,東京都目黒区中町 1-6-19,,35.630887,139.700041,03-3714-7057,,1.00E+12,目黒区,,,,,,,,
131105,99,東京都,目黒区,五本木老人いこいの家,ゴホンギロウジンイコイノイエ,,1499a,東京都目黒区五本木 2-11-29,,35.635209,139.689562,03-3719-3943,,1.00E+12,目黒区,,,,,,,,
131105,100,東京都,目黒区,鷹番老人いこいの家,タカバンロウジンイコイノイエ,,1499a,東京都目黒区鷹番 3-17-20,鷹番住区センター内,35.628225,139.683159,03-3715-9235,,1.00E+12,目黒区,,,,,,,,
131105,101,東京都,目黒区,月光原老人いこいの家,ゲッコウハラロウジンイコイノイエ,,1499a,東京都目黒区目黒本町 4-16-18,月光原住区センター内,35.622074,139.694686,03-3714-0634,,1.00E+12,目黒区,,,,,,,,
131105,102,東京都,目黒区,向原老人いこいの家,ムカイハラロウジンイコイノイエ,,1499a,東京都目黒区目黒本町 5-22-11,向原住区センター内,35.618716,139.6986,03-3794-5442,,1.00E+12,目黒区,,,,,,,,
131105,103,東京都,目黒区,碑老人いこいの家,イシブミロウジンイコイノイエ,,1499a,東京都目黒区碑文谷 2-16-6,碑住区センター内,35.620765,139.687651,03-3792-0770,,1.00E+12,目黒区,,,,,,,,
131105,104,東京都,目黒区,原町老人いこいの家,ハラマチロウジンイコイノイエ,,1499a,東京都目黒区原町 2-2-14,,35.616284,139.692252,03-3716-6006,,1.00E+12,目黒区,,,,,,,,
131105,105,東京都,目黒区,大岡山東老人いこいの家,オオオカヤマヒガシロウジンイコイノイエ,,1499a,東京都目黒区碑文谷 3-15-5,大岡山東住区センター内,35.617809,139.684238,03-3792-8518,,1.00E+12,目黒区,,,,,,,,
131105,106,東京都,目黒区,平町老人いこいの家,タイラマチロウジンイコイノイエ,,1499a,東京都目黒区平町 2-4-10,,35.614416,139.68311,03-3723-5358,,1.00E+12,目黒区,,,,,,,,
131105,107,東京都,目黒区,中根老人いこいの家,ナカネロウジンイコイノイエ,,1499a,東京都目黒区大岡山 1-37-2,中根住区センター内,35.61269,139.679532,03-3725-8666,,1.00E+12,目黒区,,,,,,,,
131105,108,東京都,目黒区,自由が丘老人いこいの家,ジユウガオカロウジンイコイノイエ,,1499a,東京都目黒区自由が丘 1-23-26,,35.611538,139.669636,03-5701-1621,,1.00E+12,目黒区,,,,,,,,
131105,109,東京都,目黒区,宮前分室老人いこいの家,ミヤマエブンシツロウジンイコイノイエ,,1499a,東京都目黒区八雲 3-22-15,自由が丘住区センター宮前分室内,35.61564,139.665406,03-3723-7105,,1.00E+12,目黒区,,,,,,,,
131105,110,東京都,目黒区,八雲老人いこいの家,ヤクモロウジンイコイノイエ,,1499a,東京都目黒区八雲 1-10-5,八雲住区センター内,35.618715,139.672271,03-3718-0639,,1.00E+12,目黒区,,,,,,,,
131105,111,東京都,目黒区,東根老人いこいの家,ヒガシネロウジンイコイノイエ,,1499a,東京都目黒区東が丘 1-7-14,東根住区センター内,35.62724,139.670043,03-3795-4446,,1.00E+12,目黒区,,,,,,,,
131105,112,東京都,目黒区,高齢者センター,コウレイシャセンター,,1499a,東京都目黒区目黒 1-25-26,田道ふれあい館内,35.636722,139.708179,03-5721-2291,,1.00E+12,目黒区,,,,,,,,
131105,113,東京都,目黒区,在宅福祉サービスセンター,ザイタクフクシサービスセンター,,1499a,東京都目黒区上目黒 2-19-15,総合庁舎別館内,35.641263,139.698591,03-3714‐2841,,1.00E+12,目黒区,,,,,,,,
131105,114,東京都,目黒区,特別養護老人ホーム東山,トクベツヨウゴロウジンホームヒガシヤマ,,1408a,東京都目黒区東山 3-24-6,,35.647391,139.685474,03-3791-8451,,1.00E+12,目黒区,,,,,,,,
131105,115,東京都,目黒区,特別養護老人ホーム中目黒,トクベツヨウゴロウジンホームナカメグロ,,1408a,東京都目黒区中目黒 5-7-35,,35.636011,139.700865,03-5704-3631,,1.00E+12,目黒区,,,,,,,,
131105,116,東京都,目黒区,特別養護老人ホーム東が丘,トクベツヨウゴロウジンホームヒガシガオカ,,1408a,東京都目黒区東が丘 1-6-4,,35.626356,139.670513,03-5481-5639,,1.00E+12,目黒区,,,,,,,,
131105,117,東京都,目黒区,東山在宅ケア多機能センター,ヒガシヤマザイタクケアタキノウセンター,,1409a,東京都目黒区東山 3-24-6,,35.647391,139.685474,03-3791-8461,,1.00E+12,目黒区,,,,,,,,
131105,118,東京都,目黒区,田道在宅ケア多機能センター,デンドウザイタクケアタキノウセンター,,1409a,東京都目黒区目黒 1-25-26,田道ふれあい館内,35.636722,139.708179,03-5721-2295,,1.00E+12,目黒区,,,,,,,,
131105,119,東京都,目黒区,東山ケアプランセンター,ヒガシヤマケアプランセンター,,1499a,東京都目黒区東山 3-24-6,ひがしやまホーム内,35.647391,139.685474,03-3791-8474,,1.00E+12,目黒区,,,,,,,,
131105,120,東京都,目黒区,東が丘ケアプランセンター,ヒガシガオカケアプランセンター,,1499a,東京都目黒区東が丘 1-6-4,ひがしがおかホーム内,35.626356,139.670513,03-5481-2873,,1.00E+12,目黒区,,,,,,,,
131105,121,東京都,目黒区,駒場保育園,コマバホイクエン,,1402a,東京都目黒区駒場 1-22-1,,35.65653,139.686563,03-3469-6775,,1.00E+12,目黒区,,,,,,,,
131105,122,東京都,目黒区,菅刈保育園,スゲカリホイクエン,,1402a,東京都目黒区青葉台 2-10-27,,35.64999,139.69521,03-3462-0219,,1.00E+12,目黒区,,,,,,,,
131105,123,東京都,目黒区,第二上目黒保育園,ダイニカミメグロホイクエン,,1402a,東京都目黒区上目黒 2-15-8,,35.642213,139.697344,03-3719-8656,,1.00E+12,目黒区,,,,,,,,
131105,124,東京都,目黒区,田道保育園,デンドウホイクエン,,1402a,東京都目黒区目黒 3-4-4,,35.634608,139.706148,03-3760-3935,,1.00E+12,目黒区,,,,,,,,
131105,125,東京都,目黒区,不動保育園,フドウホイクエン,,1402a,東京都目黒区下目黒 6-11-20,,35.626486,139.699504,03-3792-7475,,1.00E+12,目黒区,,,,,,,,
131105,126,東京都,目黒区,中町保育園,ナカチョウホイクエン,,1402a,東京都目黒区中町 2-37-15,,35.634125,139.694569,03-3719-2640,,1.00E+12,目黒区,,,,,,,,
131105,127,東京都,目黒区,祐天寺保育園,ユウテンジホイクエン,,1402a,東京都目黒区祐天寺 1-10-9,,35.639071,139.694871,03-3719-5263,,1.00E+12,目黒区,,,,,,,,
131105,128,東京都,目黒区,中央町保育園,チュウオウチョウホイクエン,,1402a,東京都目黒区中央町 2-30-7,,35.632203,139.688411,03-3719-5843,,1.00E+12,目黒区,,,,,,,,
131105,129,東京都,目黒区,目黒本町保育園,メグロホンチョウホイクエン,,1402a,東京都目黒区目黒本町 2-1-20,,35.625223,139.695225,03-3792-6327,,1.00E+12,目黒区,,,,,,,,
131105,130,東京都,目黒区,原町保育園,ハラマチホイクエン,,1402a,東京都目黒区原町 1-20-16,,35.617916,139.695253,03-3712-4119,,1.00E+12,目黒区,,,,,,,,
131105,131,東京都,目黒区,南保育園,ミナミホイクエン,,1402a,東京都目黒区南 1-18-30,,35.613591,139.689087,03-3717-5177,,1.00E+12,目黒区,,,,,,,,
131105,132,東京都,目黒区,ひもんや保育園,ヒモンヤホイクエン,,1402a,東京都目黒区碑文谷 2-8-9,,35.622693,139.687747,03-3712-1035,,1.00E+12,目黒区,,,,,,,,
131105,133,東京都,目黒区,第三ひもんや保育園,ダイサンヒモンヤホイクエン,,1402a,東京都目黒区碑文谷 5-15-19,,35.621515,139.681151,03-3716-8391,,1.00E+12,目黒区,,,,,,,,
131105,134,東京都,目黒区,鷹番保育園,タカバンホイクエン,,1402a,東京都目黒区鷹番 2-16-15,,35.628367,139.687073,03-3710-1219,,1.00E+12,目黒区,,,,,,,,
131105,135,東京都,目黒区,大岡山保育園,オオオカヤマホイクエン,,1402a,東京都目黒区大岡山 1-36-10,,35.610197,139.680396,03-3724-1544,,1.00E+12,目黒区,,,,,,,,
131105,136,東京都,目黒区,八雲保育園,ヤクモホイクエン,,1402a,東京都目黒区八雲 3-10-18,,35.615618,139.668077,03-3718-4084,,1.00E+12,目黒区,,,,,,,,
131105,137,東京都,目黒区,駒場児童館,コマバジドウカン,,1403a,東京都目黒区駒場 2-7-5,,35.658766,139.682028,03-3460-0453,,1.00E+12,目黒区,,,,,,,,
131105,138,東京都,目黒区,東山児童館,ヒガシヤマジドウカン,,1403a,東京都目黒区東山 3-24-2,,35.64787,139.685397,03-3791-4613,,1.00E+12,目黒区,,,,,,,,
131105,139,東京都,目黒区,烏森住区センター児童館,カラスモリジュウクセンタージドウカン,,1403a,東京都目黒区上目黒 3-44-2,,35.643932,139.691644,03-3719-0903,,1.00E+12,目黒区,,,,,,,,
131105,140,東京都,目黒区,中目黒住区センター児童館,ナカメグロジュウクセンタージドウカン,,1403a,東京都目黒区中目黒 2-10-13,中目黒スクエア内,35.640452,139.703029,03-5721-8578,,1.00E+12,目黒区,,,,,,,,
131105,141,東京都,目黒区,目黒区民センター児童館,メグロクミンセンタージドウカン,,1403a,東京都目黒区目黒 2-4-36,,35.635453,139.707868,03-3711-1839,,1.00E+12,目黒区,,,,,,,,
131105,142,東京都,目黒区,不動児童館,フドウジドウカン,,1403a,東京都目黒区下目黒 5-18-4,,35.630206,139.702321,03-3714-4144,,1.00E+12,目黒区,,,,,,,,
131105,143,東京都,目黒区,油面住区センター児童館,アブラメンジュウクセンタージドウカン,,1403a,東京都目黒区中町 1-6-23,,35.631375,139.699785,03-3713-1809,,1.00E+12,目黒区,,,,,,,,
131105,144,東京都,目黒区,上目黒住区センター児童館,カミメグロジュウクセンタージドウカン,,1403a,東京都目黒区祐天寺 2-6-6,,35.637083,139.693766,03-3793-1103,,1.00E+12,目黒区,,,,,,,,
131105,145,東京都,目黒区,五本木住区センター児童館,ゴホンギジュウクセンタージドウカン,,1403a,東京都目黒区中央町 2-17-2,,35.633039,139.689258,03-3792-9130,,1.00E+12,目黒区,,,,,,,,
131105,146,東京都,目黒区,中央町児童館,チュウオウチョウジドウカン,,1403a,東京都目黒区中央町 2-32-5,スマイルプラザ中央町内,35.631511,139.688775,03-3714-6300,,1.00E+12,目黒区,,,,,,,,
131105,147,東京都,目黒区,向原住区センター児童館,ムカイハラジュウクセンタージドウカン,,1403a,東京都目黒区目黒本町 5-22-11,,35.618716,139.6986,03-3794-5841,,1.00E+12,目黒区,,,,,,,,
131105,148,東京都,目黒区,原町住区センター児童館,ハラマチジュウクセンタージドウカン,,1403a,東京都目黒区南 1-8-9,,35.615151,139.689363,03-3724-8088,,1.00E+12,目黒区,,,,,,,,
131105,149,東京都,目黒区,平町児童館,タイラマチジドウカン,,1403a,東京都目黒区平町 1-5-3,,35.617203,139.682199,03-3723-3750,,1.00E+12,目黒区,,,,,,,,
131105,150,東京都,目黒区,緑が丘児童館,ミドリガオカジドウカン,,1403a,東京都目黒区緑が丘 2-7-20,緑が丘コミュニティセンター別館内,35.60942,139.674428,03-3718-1182,,1.00E+12,目黒区,,,,,,,,
131105,151,東京都,目黒区,八雲住区センター児童館,ヤクモジュウクセンタージドウカン,,1403a,東京都目黒区八雲 1-10-5,,35.618715,139.672271,03-3718-0841,,1.00E+12,目黒区,,,,,,,,
131105,152,東京都,目黒区,駒場小学校内学童保育クラブ,コマバショウガッコウナイガクドウホイククラブ,,1404a,東京都目黒区駒場３−１１−１３,,35.65944805,139.6815471,03-3467-2801,,1.02E+12,株式会社マミー・インターナショナル,,,,,,,,
131105,153,東京都,目黒区,東山児童館学童保育クラブ,ヒガシヤマジドウカンガクドウホイククラブ,,1404a,東京都目黒区東山３−２４−２,,35.6480476,139.6855909,03-3791-4614,,1.00E+12,目黒区,,,,,,,,
131105,154,東京都,目黒区,東山児童館第二学童保育クラブ,ヒガシヤマジドウカンダイニガクドウホイククラブ,,1404a,東京都目黒区東山３−２４−２,,35.6480476,139.6855909,03-5721-3370,,1.00E+12,目黒区,,,,,,,,
131105,155,東京都,目黒区,東山児童館第三学童保育クラブ,ヒガシヤマジドウカンダイサンガクドウホイククラブ,,1404a,東京都目黒区東山３−２４−２,,35.6480476,139.6855909,03-3711-8621,,1.00E+12,目黒区,,,,,,,,
131105,156,東京都,目黒区,菅刈小学校内学童保育クラブ,スゲカリショウガッコウナイガクドウホイククラブ,,1404a,東京都目黒区青葉台３−３−２６,,35.65130588,139.6922424,03-3461-6151,,1.02E+12,株式会社マミー・インターナショナル,,,,,,,,
131105,157,東京都,目黒区,菅刈学童保育クラブ,スゲカリガクドウホイククラブ,,1404a,東京都目黒区青葉台２−１０−１８,,35.64978603,139.6958757,03-3461-7275,,1.00E+12,目黒区,,,,,,,,
131105,158,東京都,目黒区,烏森住区センター児童館学童保育クラブ,カスモリジュウクセンタージドウカンガクドウホイククラブ,,1404a,東京都目黒区上目黒３−３７−２４,,35.64396967,139.6920223,03-3719-3942,,9.03E+12,社会福祉法人桑の実会,,,,,,,,
131105,159,東京都,目黒区,烏森住区センター児童館第二学童保育クラブ,カスモリジュウクセンタージドウカンダイニガクドウホイククラブ,,1404a,東京都目黒区上目黒５−１８−９,,35.6426763,139.688615,03-3760-2781,,9.03E+12,社会福祉法人桑の実会,,,,,,,,
131105,160,東京都,目黒区,中目黒小学校学童保育クラブ,ナカメグロショウガッコウガクドウホイククラブ,,1404a,東京都目黒区中目黒３-１３−３２,,35.63982816,139.6984866,03-3760-1225,,4.01E+12,株式会社東急キッズベースキャンプ,,,,,,,,
131105,161,東京都,目黒区,中目黒住区センター児童館学童保育クラブ,ナカメグロジュウクセンタージドウカンガクドウホイククラブ,,1404a,東京都目黒区中目黒２−１０−１３,,35.64036036,139.7029101,03-5721-8579,,1.00E+12,目黒区,,,,,,,,
131105,162,東京都,目黒区,不動児童館学童保育クラブ,フドウジドウカンガクドウホイククラブ,,1404a,東京都目黒区下目黒６−１１−３５,,35.62730844,139.6991913,03-3714-4177,,3.01E+12,株式会社アソシエ・インターナショナル,,,,,,,,
131105,163,東京都,目黒区,下目黒小学校学童保育クラブ,シモメグロショウガッコウガクドウホイククラブ,,1404a,東京都目黒区目黒２−７−９,,35.63379723,139.7095141,03-3491-1050,,4.01E+12,株式会社東急キッズベースキャンプ,,,,,,,,
131105,164,東京都,目黒区,目黒区民センター児童館学童保育クラブ,メグロクミンセンタージドウカンガクドウホイククラブ,,1404a,東京都目黒区目黒２−４−３６,,35.63532404,139.7077598,03-3711-1136,,1.00E+12,目黒区,,,,,,,,
131105,165,東京都,目黒区,田道小学校内学童保育クラブ,デンドウショウガッコウナイガクドウホイククラブ,,1404a,東京都目黒区目黒１−１５−２８,,35.6377744,139.7090844,03-3711-8603,,1.00E+12,目黒区,,,,,,,,
131105,166,東京都,目黒区,三田学童保育クラブ,ミタガクドウホイククラブ,,1404a,東京都目黒区三田二丁目10番33号,,35.6388647,139.7126608,03-3792-6221,,4.01E+12,株式会社東急キッズベースキャンプ,,,,,,,,
131105,167,東京都,目黒区,油面小学校内学童保育クラブ,アブラメンショウガッコウナイガクドウホイククラブ,,1404a,東京都目黒区中町１−５−４,,35.63252327,139.699291,03-3710-8360,,1.00E+12,目黒区,,,,,,,,
131105,168,東京都,目黒区,油面住区センター児童館学童保育クラブ,アブラメンジュウクセンタージドウカンガクドウホイククラブ,,1404a,東京都目黒区中町１−６−２３,,35.63130947,139.6996502,03-3713-1636,,1.00E+12,目黒区,,,,,,,,
131105,169,東京都,目黒区,上目黒住区センター児童館学童保育クラブ,カミメグロジュウクセンタージドウカンガクドウホイククラブ,,1404a,東京都目黒区祐天寺２−６−６,,35.63707879,139.6940585,03-3793-1104,,1.00E+12,目黒区,,,,,,,,
131105,170,東京都,目黒区,五本木住区センター児童館学童保育クラブ,ゴホンギジュウクセンタージドウカンガクドウホイククラブ,,1404a,東京都目黒区中央町２−１７−２,,35.63340851,139.6893206,03-3792-9144,,1.00E+12,目黒区,,,,,,,,
131105,171,東京都,目黒区,鷹番学童保育クラブ,タカバンガクドウホイククラブ,,1404a,東京都目黒区碑文谷６−２−２３,,35.62620451,139.6851543,03-5721-3390,,1.00E+12,目黒区,,,,,,,,
131105,172,東京都,目黒区,中央町児童館学童保育クラブ,チュウオウチョウジドウカンガクドウホイククラブ,,1404a,東京都目黒区中央町２−３２−５,,35.63173482,139.6886281,03-3714-6302,,1.01E+12,社会福祉法人雲柱社,,,,,,,,
131105,173,東京都,目黒区,月光原小学校内学童保育クラブ,ゲッコウハラショウガッコウナイガクドウホイククラブ,,1404a,東京都目黒区目黒本町４−１５−３,,35.62288779,139.6954608,03-3712-8935,,4.12E+12,株式会社セリオ,,,,,,,,
131105,174,東京都,目黒区,目黒本町学童保育クラブ,メグロホンチョウガクドウホイククラブ,,1404a,東京都目黒区目黒本町２−１−２０,,35.62548425,139.6952552,03-3792-6328,,1.00E+12,目黒区,,,,,,,,
131105,175,東京都,目黒区,向原小学校内学童保育クラブ,ムカイハラショウガッコウナイガクドウホイククラブ,,1404a,東京都目黒区目黒本町６−７−１５,,35.61840589,139.6956236,03-5722-2480,,4.12E+12,株式会社セリオ,,,,,,,,
131105,176,東京都,目黒区,向原住区センター児童館学童保育クラブ,ムカイハラジュウクセンタージドウカンガクドウホイククラブ,,1404a,東京都目黒区目黒本町５−２２−１１,,35.61855956,139.6985619,03-3794-5842,,1.00E+12,目黒区,,,,,,,,
131105,177,東京都,目黒区,原町小学校内学童保育クラブ,ハラマチショウガッコウナイガクドウホイククラブ,,1404a,東京都目黒区原町２−１８−１２,,35.61499054,139.6908648,03-3712-0281,,4.12E+12,株式会社セリオ,,,,,,,,
131105,178,東京都,目黒区,原町住区センター児童館学童保育クラブ,ハラマチジュウクセンタージドウカンガクドウホイククラブ,,1404a,東京都目黒区南１−８−９,,35.61507069,139.6895955,03-3725-2070,,1.00E+12,目黒区,,,,,,,,
131105,179,東京都,目黒区,ひもんや学童保育クラブ,ヒモンヤガクドウホイククラブ,,1404a,東京都目黒区碑文谷２−８−９,,35.62264873,139.6881379,03-3711-0705,,1.00E+12,目黒区,,,,,,,,
131105,180,東京都,目黒区,平町児童館学童保育クラブ,タイラマチジドウカンガクドウホイククラブ,,1404a,東京都目黒区平町１−５−３,,35.61726352,139.6822977,03-3723-3751,,7.02E+12,ライクアカデミー株式会社,,,,,,,,
131105,181,東京都,目黒区,大岡山学童保育クラブ,オオオカヤマガクドウホイククラブ,,1404a,東京都目黒区平町２−４−１０,,35.61440483,139.6830171,03-3723-8679,,3.01E+12,株式会社アソシエ・インターナショナル,,,,,,,,
131105,182,東京都,目黒区,中根小学校内学童保育クラブ,ナカネショウガッコウナイガクドウホイククラブ,,1404a,東京都目黒区緑が丘１−１−１,,35.61287711,139.6789003,03-3724-9430,,7.02E+12,ライクアカデミー株式会社,,,,,,,,
131105,183,東京都,目黒区,緑が丘児童館学童保育クラブ,ミドリガオカジドウカンガクドウホイククラブ,,1404a,東京都目黒区緑が丘２−７−２０,,35.60963012,139.6744273,03-3718-1183,,1.00E+12,目黒区,,,,,,,,
131105,184,東京都,目黒区,八雲小学校内学童保育クラブ,ヤクモショウガッコウナイガクドウホイククラブ,,1404a,東京都目黒区八雲２−５−１,,35.61847241,139.6717152,03-3718-2021,,4.12E+12,株式会社セリオ,,,,,,,,
131105,185,東京都,目黒区,八雲住区センター児童館学童保育クラブ,ヤクモジュウクセンタージドウカンガクドウホイククラブ,,1404a,東京都目黒区八雲１−１０−５,,35.61857961,139.6725543,03-3725-9454,,1.00E+12,目黒区,,,,,,,,
131105,186,東京都,目黒区,宮前小学校内学童保育クラブ,ミヤマエショウガッコウナイガクドウホイククラブ,,1404a,東京都目黒区八雲３−１３−２１,,35.61538726,139.6663614,03-3723-5010,,3.01E+12,株式会社アソシエ・インターナショナル,,,,,,,,
131105,187,東京都,目黒区,東根学童保育クラブ,ヒガシネガクドウホイククラブ,,1404a,東京都目黒区東が丘１−２０−１,,35.6274275,139.6684013,03-5486-8300,,6.01E+12,社会福祉法人白樺会,,,,,,,,
131105,188,東京都,目黒区,東根第二学童保育クラブ,ヒガシネダイニガクドウホイククラブ,,1404a,東京都目黒区東が丘１−３１−７,,35.62982292,139.667169,03-3795-3121,,6.01E+12,社会福祉法人白樺会,,,,,,,,
131105,189,東京都,目黒区,子育て総合相談窓口,コソダテソウゴウソウダンマドグチ,,1404a,東京都目黒区上目黒 2-19-15,総合庁舎別館2階,35.641263,139.698591,03-3715-2641,,1.00E+12,目黒区,,,,,,,,
131105,190,東京都,目黒区,ほ・ねっとひろば,ホ・ネットヒロバ,,1404a,東京都目黒区上目黒 2-19-15,総合庁舎別館2階,35.641263,139.698591,03-5722-9392,,1.00E+12,目黒区,,,,,,,,
131105,191,東京都,目黒区,子どもの権利擁護相談室（めぐろはあとねっと）,コドモノケンリヨウゴソウダンシツ（メグロハアトネット）,,1404a,東京都目黒区上目黒 2-19-15,総合庁舎別館2階,35.641263,139.698591,0120-324-810,,1.00E+12,目黒区,,,,,,,,
131105,192,東京都,目黒区,目黒区保健所,メグロクホケンジョ,,1606a,東京都目黒区上目黒 2-19-15,,35.641263,139.698591,03-3715-1111,,1.00E+12,目黒区,,,,,,,,
131105,193,東京都,目黒区,碑文谷保健センター,ヒモンヤホケンセンター,,1606a,東京都目黒区碑文谷 4-16-18,,35.621379,139.682498,03-3711-6446,,1.00E+12,目黒区,,,,,,,,
131105,194,東京都,目黒区,目黒区清掃事務所,メグロクセイソウジムショ,,1399a,東京都目黒区目黒本町 2-13-19,,35.625142,139.692135,03-3719-5345,,1.00E+12,目黒区,,,,,,,,
131105,195,東京都,目黒区,目黒区清掃事業所,メグロクセイソウジギョウショ,,1399a,東京都目黒区中目黒 4-1-2,,35.638841,139.703383,03-3794-6141,,1.00E+12,目黒区,,,,,,,,
131105,196,東京都,目黒区,道路公園サービス事務所,ドウロコウエンサービスジムショ,,1399a,東京都目黒区中央町1-9-7,,35.629261,139.692337,03-3711-6825,,1.00E+12,目黒区,,,,,・目黒地域サービス係：電話：03-3711-6825・碑文谷地域サービス係：電話：03-5721-7287,,,
131105,197,東京都,目黒区,防災センター,ボウサイセンター,,1399a,東京都目黒区中央町1-9-7,,35.629261,139.692337,03-5723-8700,,1.00E+12,目黒区,,,,,電話 03-5723-8700、03-5723-8488、03-5723-8176,,,
131105,198,東京都,目黒区,松見坂公園,マツミサカコウエン,,1003a,東京都目黒区駒場1-20-9,,35.65543,139.687302,,,1.00E+12,目黒区,,,,,,,,
131105,199,東京都,目黒区,駒場野公園,コマバノコウエン,,1003a,東京都目黒区駒場2-19-70,,35.65918,139.680984,,,1.00E+12,目黒区,,,,,,,,
131105,200,東京都,目黒区,駒場三丁目もちの木公園,コマバサンチョウメモチノキコウエン,,1003a,東京都目黒区駒場3-2-20,,35.657768,139.689224,,,1.00E+12,目黒区,,,,,,,,
131105,201,東京都,目黒区,駒場公園,コマバコウエン,,1003a,東京都目黒区駒場4-3-55,,35.663353,139.679703,,,1.00E+12,目黒区,,,,,,,,
131105,202,東京都,目黒区,西郷山公園,サイゴウヤマコウエン,,1003a,東京都目黒区青葉台2-10-28,,35.650314,139.695007,,,1.00E+12,目黒区,,,,,,,,
131105,203,東京都,目黒区,菅刈公園,スゲカリコウエン,,1003a,東京都目黒区青葉台2-11-25,,35.650219,139.692856,,,1.00E+12,目黒区,,,,,,,,
131105,204,東京都,目黒区,菅刈街かど公園,スゲカリマチカドコウエン,,1003a,東京都目黒区青葉台3-7-13,,35.651505,139.689835,,,1.00E+12,目黒区,,,,,,,,
131105,205,東京都,目黒区,青葉台四丁目街かど公園,アオバダイヨンチョウメマチカドコウエン,,1003a,東京都目黒区青葉台4-4-8,,35.653957,139.692703,,,1.00E+12,目黒区,,,,,,,,
131105,206,東京都,目黒区,大坂緑地,オオサカリョクチ,,1003a,東京都目黒区青葉台4-7-8,,35.653679,139.690598,,,1.00E+12,目黒区,,,,,,,,
131105,207,東京都,目黒区,東山貝塚公園,ヒガシヤマカイヅカコウエン,,1003a,東京都目黒区東山3-16-7,,35.649609,139.685318,,,1.00E+12,目黒区,,,,,,,,
131105,208,東京都,目黒区,東山街かど公園,ヒガシヤママチカドコウエン,,1003a,東京都目黒区東山3-20-1,,35.648453,139.687073,,,1.00E+12,目黒区,,,,,,,,
131105,209,東京都,目黒区,東山公園,ヒガシヤマコウエン,,1003a,東京都目黒区東山3-24-23,,35.647583,139.684448,,,1.00E+12,目黒区,,,,,,,,
131105,210,東京都,目黒区,目黒天空庭園,メグロテンクウテイエン,,1003a,東京都目黒区大橋1-9-2,,35.651535,139.688019,,,1.00E+12,目黒区,,,,,,,,
131105,211,東京都,目黒区,氷川さくら公園,ヒカワサクラコウエン,,1003a,東京都目黒区大橋2-22-38,,35.652386,139.684769,,,1.00E+12,目黒区,,,,,,,,
131105,212,東京都,目黒区,けこぼ坂街かど公園,ケコボサカマチカドコウエン,,1003a,東京都目黒区上目黒2-9-18,,35.64159,139.699722,,,1.00E+12,目黒区,,,,,,,,
131105,213,東京都,目黒区,中目黒しぜんとなかよし公園,ナカメグロシゼントナカヨシコウエン,,1003a,東京都目黒区上目黒2-19-18,,35.640144,139.698486,,,1.00E+12,目黒区,,,,,,,,
131105,214,東京都,目黒区,伊勢脇公園,イセワキコウエン,,1003a,東京都目黒区上目黒2-32-19,,35.639137,139.697006,,,1.00E+12,目黒区,,,,,,,,
131105,215,東京都,目黒区,中目黒駅前街かど公園,ナカメグロエキマエマチカドコウエン,,1003a,東京都目黒区上目黒3-4-2,,35.644211,139.69902,,,1.00E+12,目黒区,,,,,,,,
131105,216,東京都,目黒区,中目黒公園,ナカメグロコウエン,,1003a,東京都目黒区中目黒2-3-14,,35.6412318,139.7051228,,,1.00E+12,目黒区,,,,,,,,
131105,217,東京都,目黒区,中目黒南緑地公園,ナカメグロミナミリョクチコウエン,,1003a,東京都目黒区中目黒4-13-9,,35.636951,139.702637,,,1.00E+12,目黒区,,,,,,,,
131105,218,東京都,目黒区,八幡公園,ヤハタコウエン,,1003a,東京都目黒区中目黒4-15-21,,35.638313,139.702026,,,1.00E+12,目黒区,,,,,,,,
131105,219,東京都,目黒区,なべころ坂緑地公園,ナベコロサカリョクチコウエン,,1003a,東京都目黒区中目黒5-6-5,,35.636456,139.700409,,,1.00E+12,目黒区,,,,,,,,
131105,220,東京都,目黒区,三田丘の上公園,ミタオカノウエコウエン,,1003a,東京都目黒区三田1-4-6,,35.641953,139.716202,,,1.00E+12,目黒区,,,,,,,,
131105,221,東京都,目黒区,三田公園,ミタコウエン,,1003a,東京都目黒区三田2-10-31,,35.639099,139.712509,,,1.00E+12,目黒区,,,,,,,,
131105,222,東京都,目黒区,茶屋坂街かど公園,チャヤサカマチカドコウエン,,1003a,東京都目黒区三田2-15-15,,35.638744,139.708939,,,1.00E+12,目黒区,,,,,,,,
131105,223,東京都,目黒区,目黒川田道街かど公園,メグロガワデンドウマチカドコウエン,,1003a,東京都目黒区目黒1-24-11,,35.634991,139.71077,,,1.00E+12,目黒区,,,,,,,,
131105,224,東京都,目黒区,田道広場公園,デンドウヒロバコウエン,,1003a,東京都目黒区目黒1-25-8,,35.636326,139.709122,,,1.00E+12,目黒区,,,,,,,,
131105,225,東京都,目黒区,目黒区民センター公園,メグロクミンセンターコウエン,,1003a,東京都目黒区目黒2-4-36,,35.635323,139.707764,,,1.00E+12,目黒区,,,,,,,,
131105,226,東京都,目黒区,大塚山公園,オオツカヤマコウエン,,1003a,東京都目黒区目黒4-5-28,,35.633152,139.701721,,,1.00E+12,目黒区,,,,,,,,
131105,227,東京都,目黒区,下二南街かど公園,シモニミナミマチカドコウエン,,1003a,東京都目黒区下目黒2-14-15,,35.628902,139.711472,,,1.00E+12,目黒区,,,,,,,,
131105,228,東京都,目黒区,大鳥公園,オオトリコウエン,,1003a,東京都目黒区下目黒2-20-19,,35.633007,139.709503,,,1.00E+12,目黒区,,,,,,,,
131105,229,東京都,目黒区,不動公園,フドウコウエン,,1003a,東京都目黒区下目黒3-21-9,,35.629047,139.707596,,,1.00E+12,目黒区,,,,,,,,
131105,230,東京都,目黒区,さくらの里街かど公園,サクラノサトマチカドコウエン,,1003a,東京都目黒区下目黒5-13-10,,35.627838,139.702728,,,1.00E+12,目黒区,,,,,,,,
131105,231,東京都,目黒区,元競馬南泉公園,モトケイバミナミイズミコウエン,,1003a,東京都目黒区下目黒5-24-16,,35.62809,139.70105,,,1.00E+12,目黒区,,,,,,,,
131105,232,東京都,目黒区,油面公園,アブラメンコウエン,,1003a,東京都目黒区中町1-16-22,,35.632317,139.696228,,,1.00E+12,目黒区,,,,,,,,
131105,233,東京都,目黒区,中町せせらぎ緑地公園,ナカマチセセラギリョクチコウエン,,1003a,東京都目黒区中町2-4-1,,35.634163,139.698029,,,1.00E+12,目黒区,,,,,,,,
131105,234,東京都,目黒区,三角山公園,サンカクヤマコウエン,,1003a,東京都目黒区中町2-34-14,,35.632977,139.693817,,,1.00E+12,目黒区,,,,,,,,
131105,235,東京都,目黒区,田切公園,タギリコウエン,,1003a,東京都目黒区五本木1-17-18,,35.638428,139.687103,,,1.00E+12,目黒区,,,,,,,,
131105,236,東京都,目黒区,芦毛塚街かど公園,アシケヅカマチカドコウエン,,1003a,東京都目黒区五本木1-18-9,,35.638874,139.686508,,,1.00E+12,目黒区,,,,,,,,
131105,237,東京都,目黒区,五本木ふれあい街かど公園,ゴホンギフレアイマチカドコウエン,,1003a,東京都目黒区五本木2-19-6,,35.634548,139.690842,,,1.00E+12,目黒区,,,,,,,,
131105,238,東京都,目黒区,五本木二丁目街かど公園,ゴホンギフタチョウメマチカドコウエン,,1003a,東京都目黒区五本木2-43-10,,35.633892,139.685959,,,1.00E+12,目黒区,,,,,,,,
131105,239,東京都,目黒区,五本木西みどり街かど公園,ゴホンギニシミドリマチカドコウエン,,1003a,東京都目黒区五本木3-13-5,,35.632797,139.683945,,,1.00E+12,目黒区,,,,,,,,
131105,240,東京都,目黒区,祐天寺一丁目ふれあい公園,ユウテンジイッチョウメフレアイコウエン,,1003a,東京都目黒区祐天寺1-21-7,,35.638802,139.693207,,,1.00E+12,目黒区,,,,,,,,
131105,241,東京都,目黒区,中央緑地公園,チュウオウリョクチコウエン,,1003a,東京都目黒区中央町2-26-6,,35.629929,139.691147,,,1.00E+12,目黒区,,,,,,,,
131105,242,東京都,目黒区,こなべ野公園,コナベノコウエン,,1003a,東京都目黒区目黒本町1-10-6,,35.625793,139.696472,,,1.00E+12,目黒区,,,,,,,,
131105,243,東京都,目黒区,清水池公園,シミズイケコウエン,,1003a,東京都目黒区目黒本町2-12-10,,35.623718,139.692383,,,1.00E+12,目黒区,,,,,,,,
131105,244,東京都,目黒区,月光原公園,ゲッコウハラコウエン,,1003a,東京都目黒区目黒本町3-13-18,,35.623543,139.699493,,,1.00E+12,目黒区,,,,,,,,
131105,245,東京都,目黒区,本町みなみ街かど公園,ホンチョウウミナミマチカドコウエン,,1003a,東京都目黒区目黒本町5-4-16,,35.618576,139.700256,,,1.00E+12,目黒区,,,,,,,,
131105,246,東京都,目黒区,金杉原南緑地公園,カナスギハラミナミリョクチコウエン,,1003a,東京都目黒区目黒本町5-9-11,,35.617462,139.699112,,,1.00E+12,目黒区,,,,,,,,
131105,247,東京都,目黒区,本町五丁目西街かど公園,ホンチョウゴチョウメニシマチカドコウエン,,1003a,東京都目黒区目黒本町5-22-4,,35.618832,139.699387,,,1.00E+12,目黒区,,,,,,,,
131105,248,東京都,目黒区,本町北公園,ホンチョウキタコウエン,,1003a,東京都目黒区目黒本町5-31-9,,35.621155,139.698578,,,1.00E+12,目黒区,,,,,,,,
131105,249,東京都,目黒区,向原西街かど公園,ムカイハラニシマチカドコウエン,,1003a,東京都目黒区目黒本町6-13-14,,35.621025,139.694534,,,1.00E+12,目黒区,,,,,,,,
131105,250,東京都,目黒区,西小山公園,ニシコヤマコウエン,,1003a,東京都目黒区原町1-3-16,,35.616577,139.697052,,,1.00E+12,目黒区,,,,,,,,
131105,251,東京都,目黒区,原町タンポポ公園,ハラマチタンポポコウエン,,1003a,東京都目黒区原町1-24-10,,35.616806,139.694214,,,1.00E+12,目黒区,,,,,,,,
131105,252,東京都,目黒区,洗足北街かど公園,センゾクキタマチカドコウエン,,1003a,東京都目黒区洗足1-9-5,,35.614651,139.695938,,,1.00E+12,目黒区,,,,,,,,
131105,253,東京都,目黒区,洗足ひだまり公園,センゾクヒダマリコウエン,,1003a,東京都目黒区洗足2-18-9,,35.610485,139.693512,,,1.00E+12,目黒区,,,,,,,,
131105,254,東京都,目黒区,南一丁目緑地公園,ミナミイチチョウメリョクチコウエン,,1003a,東京都目黒区南1-22-7,,35.614147,139.688278,,,1.00E+12,目黒区,,,,,,,,
131105,255,東京都,目黒区,富士見台公園,フジミダイコウエン,,1003a,東京都目黒区南1-23-4,,35.613396,139.688309,,,1.00E+12,目黒区,,,,,,,,
131105,256,東京都,目黒区,田向公園,デンムカイコウエン,,1003a,東京都目黒区碑文谷2-12-1,,35.623432,139.687195,,,1.00E+12,目黒区,,,,,,,,
131105,257,東京都,目黒区,すずめのお宿緑地公園,スズメノオヤドリョクチコウエン,,1003a,東京都目黒区碑文谷3-11-22,,35.618317,139.68425,,,1.00E+12,目黒区,,,,,,,,
131105,258,東京都,目黒区,碑文谷公園,ヒモンヤコウエン,,1003a,東京都目黒区碑文谷6-9-11,,35.625141,139.682892,,,1.00E+12,目黒区,,,,,,,,
131105,259,東京都,目黒区,大岡山公園,オオオカヤマコウエン,,1003a,東京都目黒区大岡山1-8-4,,35.609997,139.684143,,,1.00E+12,目黒区,,,,,,,,
131105,260,東京都,目黒区,境橋街かど公園,サカイバシマチカドコウエン,,1003a,東京都目黒区緑が丘3-10-37,,35.603294,139.680695,,,1.00E+12,目黒区,,,,,,,,
131105,261,東京都,目黒区,自由が丘公園,ジユウガオカコウエン,,1003a,東京都目黒区自由が丘2-8-18,,35.610302,139.66716,,,1.00E+12,目黒区,,,,,,,,
131105,262,東京都,目黒区,中根公園,ナカネコウエン,,1003a,東京都目黒区中根2-6-33,,35.613476,139.677124,,,1.00E+12,目黒区,,,,,,,,
131105,263,東京都,目黒区,中根ねむの木公園,ナカネネムノキコウエン,,1003a,東京都目黒区中根2-17-21,,35.614693,139.673752,,,1.00E+12,目黒区,,,,,,,,
131105,264,東京都,目黒区,めぐろ区民キャンパス公園,メグロクミンキャンパスコウエン,,1003a,東京都目黒区八雲1-1-12,,35.620903,139.674133,,,1.00E+12,目黒区,,,,,,,,
131105,265,東京都,目黒区,宮前公園,ミヤマエコウエン,,1003a,東京都目黒区八雲3-19-12,,35.61692,139.665024,,,1.00E+12,目黒区,,,,,,,,
131105,266,東京都,目黒区,八雲三丁目緑地,ヤクモミチョウメリョクチ,,1003a,東京都目黒区八雲3-26-18,,35.614479,139.663681,,,1.00E+12,目黒区,,,,,,,,
131105,267,東京都,目黒区,衾町公園,フスママチコウエン,,1003a,東京都目黒区八雲5-7-2,,35.623447,139.668488,,,1.00E+12,目黒区,,,,,,,,
131105,268,東京都,目黒区,やくも街かど公園,ヤクモマチカドコウエン,,1003a,東京都目黒区八雲5-15-1,,35.622082,139.665771,,,1.00E+12,目黒区,,,,,,,,
131105,269,東京都,目黒区,東根公園,ヒガシネコウエン,,1003a,東京都目黒区東が丘1-23-10,,35.62862,139.666687,,,1.00E+12,目黒区,,,,,,,,
131105,270,東京都,目黒区,芳窪街かど公園,ヨシクボマチカドコウエン,,1003a,東京都目黒区東が丘1-31-23,,35.62999,139.666092,,,1.00E+12,目黒区,,,,,,,,
131105,271,東京都,目黒区,林試の森公園,リンシノモリコウエン,,1003a,東京都目黒区下目黒5-37,,35.6261,139.704905,,,1.00E+12,目黒区,,,,,,,,
131105,272,東京都,目黒区,駒沢オリンピック公園,コマザワオリンピックコウエン,,1003a,東京都目黒区東が丘2,,35.628086,139.664591,,,1.00E+12,目黒区,,,,,,,,
131105,273,東京都,目黒区,駒場児童遊園,コマバジドウユウエン,,1003a,東京都目黒区駒場1-26-5,,35.65711724,139.6857594,,,1.00E+12,目黒区,,,,,,,,
131105,274,東京都,目黒区,日向児童遊園,ヒナタジドウユウエン,,1003a,東京都目黒区青葉台1-6-47,,35.6473532,139.6987044,,,1.00E+12,目黒区,,,,,,,,
131105,275,東京都,目黒区,大坂上児童遊園,オオサカウエジドウユウエン,,1003a,東京都目黒区青葉台4-7-29,,35.65408493,139.6912604,,,1.00E+12,目黒区,,,,,,,,
131105,276,東京都,目黒区,小川児童遊園,オガワジドウユウエン,,1003a,東京都目黒区東山1-21-3,,35.64663809,139.6933146,,,1.00E+12,目黒区,,,,,,,,
131105,277,東京都,目黒区,東山中児童遊園,ヒガシヤマナカジドウユウエン,,1003a,東京都目黒区東山2-10-14,,35.64767562,139.6903909,,,1.00E+12,目黒区,,,,,,,,
131105,278,東京都,目黒区,東山児童遊園,ヒガシヤマジドウユウエン,,1003a,東京都目黒区東山3-13-16,,35.64986453,139.6854576,,,1.00E+12,目黒区,,,,,,,,
131105,279,東京都,目黒区,氷川台児童遊園,ヒカワダイジドウユウエン,,1003a,東京都目黒区大橋2-15-9,,35.65312771,139.6885121,,,1.00E+12,目黒区,,,,,,,,
131105,280,東京都,目黒区,宮下児童遊園,ミヤシタジドウユウエン,,1003a,東京都目黒区大橋2-18-32,,35.65249368,139.6867506,,,1.00E+12,目黒区,,,,,,,,
131105,281,東京都,目黒区,目黒銀座児童遊園,メグロギンザジドウユウエン,,1003a,東京都目黒区上目黒2-14-9,,35.64283398,139.6977245,,,1.00E+12,目黒区,,,,,,,,
131105,282,東京都,目黒区,烏森児童遊園,カスモリジドウユウエン,,1003a,東京都目黒区上目黒3-21-28,,35.6454548,139.69298,,,1.00E+12,目黒区,,,,,,,,
131105,283,東京都,目黒区,上四児童遊園,カミヨンジドウユウエン,,1003a,東京都目黒区上目黒4-1-37,,35.64235099,139.6910062,,,1.00E+12,目黒区,,,,,,,,
131105,284,東京都,目黒区,中目黒一丁目児童遊園,ナカメグロイチチョウメジドウユウエン,,1003a,東京都目黒区中目黒1-1-10,,35.64558456,139.7034589,,,1.00E+12,目黒区,,,,,,,,
131105,285,東京都,目黒区,別所坂児童遊園,ベッショサカジドウユウエン,,1003a,東京都目黒区中目黒2-1-15,,35.64333857,139.7039911,,,1.00E+12,目黒区,,,,,,,,
131105,286,東京都,目黒区,三田西児童遊園,ミタニシジドウユウエン,,1003a,東京都目黒区三田2-4-1,,35.6413276,139.711233,,,1.00E+12,目黒区,,,,,,,,
131105,287,東京都,目黒区,茶屋坂児童遊園,チャヤサカジドウユウエン,,1003a,東京都目黒区三田2-6-25,,35.6409056,139.7097612,,,1.00E+12,目黒区,,,,,,,,
131105,288,東京都,目黒区,目黒東児童遊園,メグロアズマジドウユウエン,,1003a,東京都目黒区目黒1-9-15,,35.63593365,139.7113281,,,1.00E+12,目黒区,,,,,,,,
131105,289,東京都,目黒区,下二児童遊園,シモニジドウユウエン,,1003a,東京都目黒区下目黒2-6-1,,35.63083098,139.7125101,,,1.00E+12,目黒区,,,,,,,,
131105,290,東京都,目黒区,不動前児童遊園,フドウマエジドウユウエン,,1003a,東京都目黒区下目黒3-7-9,,35.62875138,139.7112212,,,1.00E+12,目黒区,,,,,,,,
131105,291,東京都,目黒区,下五児童遊園,シモゴジドウユウエン,,1003a,東京都目黒区下目黒5-33-6,,35.62598464,139.7029381,,,1.00E+12,目黒区,,,,,,,,
131105,292,東京都,目黒区,下六児童遊園,シモロクジドウユウエン,,1003a,東京都目黒区下目黒6-16-3,,35.62902846,139.6983602,,,1.00E+12,目黒区,,,,,,,,
131105,293,東京都,目黒区,油面住区ｾﾝﾀ-児童遊園,アブラメンジュウクセンタ-ジドウユウエン,,1003a,東京都目黒区中町1-6-20,,35.63093503,139.6998948,,,1.00E+12,目黒区,,,,,,,,
131105,294,東京都,目黒区,五本木児童遊園,ゴホンギジドウユウエン,,1003a,東京都目黒区五本木1-9-1,,35.63936693,139.6915247,,,1.00E+12,目黒区,,,,,,,,
131105,295,東京都,目黒区,上目黒住区ｾﾝﾀ-児童遊園,カミメグロジュウクセンタ-ジドウユウエン,,1003a,東京都目黒区祐天寺2-6-18,,35.63733895,139.6933335,,,1.00E+12,目黒区,,,,,,,,
131105,296,東京都,目黒区,中央町一丁目児童遊園,チュウオウチョウイチチョウメジドウユウエン,,1003a,東京都目黒区中央町1-14-6,,35.62866283,139.6916343,,,1.00E+12,目黒区,,,,,,,,
131105,297,東京都,目黒区,唐ヶ崎児童遊園,カラガサキジドウユウエン,,1003a,東京都目黒区中央町2-24-1,,35.63077828,139.6915959,,,1.00E+12,目黒区,,,,,,,,
131105,298,東京都,目黒区,五本木東児童遊園,ゴホンギアズマジドウユウエン,,1003a,東京都目黒区中央町2-30-9,,35.63216002,139.6887274,,,1.00E+12,目黒区,,,,,,,,
131105,299,東京都,目黒区,清水東児童遊園,シミズアズマジドウユウエン,,1003a,東京都目黒区目黒本町1-11-11,,35.62638039,139.6957633,,,1.00E+12,目黒区,,,,,,,,
131105,300,東京都,目黒区,清水町児童遊園,シミズチョウジドウユウエン,,1003a,東京都目黒区目黒本町2-3-16,,35.62533029,139.6937835,,,1.00E+12,目黒区,,,,,,,,
131105,301,東京都,目黒区,月光町児童遊園,ゲッコウマチジドウユウエン,,1003a,東京都目黒区目黒本町4-3-5,,35.62337968,139.6975767,,,1.00E+12,目黒区,,,,,,,,
131105,302,東京都,目黒区,東町南児童遊園,アズマチョウミナミジドウユウエン,,1003a,東京都目黒区目黒本町5-7-18,,35.61702248,139.6985131,,,1.00E+12,目黒区,,,,,,,,
131105,303,東京都,目黒区,東原児童遊園,アズマハラジドウユウエン,,1003a,東京都目黒区目黒本町5-22-20,,35.61939931,139.6988054,,,1.00E+12,目黒区,,,,,,,,
131105,304,東京都,目黒区,向原町児童遊園,ムカイバラチョウジドウユウエン,,1003a,東京都目黒区目黒本町6-3-22,,35.62111307,139.6971622,,,1.00E+12,目黒区,,,,,,,,
131105,305,東京都,目黒区,向原おもだか児童遊園,ムカイハラオモダカジドウユウエン,,1003a,東京都目黒区目黒本町6-17-10,,35.61816247,139.6949754,,,1.00E+12,目黒区,,,,,,,,
131105,306,東京都,目黒区,原町児童遊園,ハラマチジドウユウエン,,1003a,東京都目黒区原町2-2-15,,35.6163,139.6920514,,,1.00E+12,目黒区,,,,,,,,
131105,307,東京都,目黒区,洗足二丁目児童遊園,センゾクニチョウメジドウユウエン,,1003a,東京都目黒区洗足2-28-16,,35.60900851,139.6951883,,,1.00E+12,目黒区,,,,,,,,
131105,308,東京都,目黒区,碑文谷五丁目児童遊園,ヒモンヤゴチョウメジドウユウエン,,1003a,東京都目黒区碑文谷5-23-13,,35.62405613,139.6802062,,,1.00E+12,目黒区,,,,,,,,
131105,309,東京都,目黒区,鷹番児童遊園,タカバンジドウユウエン,,1003a,東京都目黒区鷹番2-9-6,,35.62891091,139.6884687,,,1.00E+12,目黒区,,,,,,,,
131105,310,東京都,目黒区,三谷児童遊園,サンヤジドウユウエン,,1003a,東京都目黒区鷹番3-19-3,,35.62980535,139.6834772,,,1.00E+12,目黒区,,,,,,,,
131105,311,東京都,目黒区,桜森児童遊園,サクラモリジドウユウエン,,1003a,東京都目黒区平町1-16-15,,35.61634315,139.6786908,,,1.00E+12,目黒区,,,,,,,,
131105,312,東京都,目黒区,平町児童遊園,タイラマチジドウユウエン,,1003a,東京都目黒区平町2-18-5,,35.6132545,139.6822202,,,1.00E+12,目黒区,,,,,,,,
131105,313,東京都,目黒区,大岡山児童遊園,オオオカヤマジドウユウエン,,1003a,東京都目黒区大岡山1-17-8,,35.61050116,139.6835786,,,1.00E+12,目黒区,,,,,,,,
131105,314,東京都,目黒区,緑が丘児童遊園,ミドリガオカジドウユウエン,,1003a,東京都目黒区緑が丘1-13-8,,35.60920252,139.6777626,,,1.00E+12,目黒区,,,,,,,,
131105,315,東京都,目黒区,緑が丘西児童遊園,ミドリガオカニシジドウユウエン,,1003a,東京都目黒区緑が丘2-22-24,,35.6121559,139.6718961,,,1.00E+12,目黒区,,,,,,,,
131105,316,東京都,目黒区,柿の木坂西児童遊園,カキノキサカニシジドウユウエン,,1003a,東京都目黒区柿の木坂1-22-13,,35.62280413,139.6757388,,,1.00E+12,目黒区,,,,,,,,
131105,317,東京都,目黒区,柿の木坂児童遊園,カキノキザカジドウユウエン,,1003a,東京都目黒区柿の木坂2-29-1,,35.62571404,139.6733879,,,1.00E+12,目黒区,,,,,,,,
131105,318,東京都,目黒区,曽根児童遊園,ソネジドウユウエン,,1003a,東京都目黒区柿の木坂3-6-9,,35.6283563,139.6729461,,,1.00E+12,目黒区,,,,,,,,
131105,319,東京都,目黒区,第二曽根児童遊園,ダイニソネジドウユウエン,,1003a,東京都目黒区柿の木坂3-9-24,,35.62767002,139.6728035,,,1.00E+12,目黒区,,,,,,,,
131105,320,東京都,目黒区,八雲児童遊園,ヤクモジドウユウエン,,1003a,東京都目黒区八雲1-2-11,,35.61944859,139.6740845,,,1.00E+12,目黒区,,,,,,,,
131105,321,東京都,目黒区,宮前児童遊園,ミヤマエジドウユウエン,,1003a,東京都目黒区八雲3-14-17,,35.61643884,139.6663172,,,1.00E+12,目黒区,,,,,,,,
131105,322,東京都,目黒区,オーパス夢ひろば,オーパスユメヒロバ,,1003a,東京都目黒区大橋1-9-4,,35.65135939,139.6882184,,,1.00E+12,目黒区,,,,,,,,
131105,323,東京都,目黒区,目黒川船入場,メグロガワフナイリバ,,1003a,東京都目黒区中目黒1-11-18,,35.64167567,139.7018468,,,1.00E+12,目黒区,,,,,,,,
131105,324,東京都,目黒区,ふれあい橋,フレアイバシ,,1003a,東京都目黒区目黒1-25先〜同2-4先,,35.636544,139.708505,,,1.00E+12,目黒区,,,,,,,,
131105,325,東京都,目黒区,不動ふれあい広場,フドウフレアイヒロバ,,1003a,東京都目黒区下目黒5-37-17,,35.62637303,139.7077576,,,1.00E+12,目黒区,,,,,,,,
131105,326,東京都,目黒区,羅漢寺川ふれあい広場,ラカンジガワフレアイヒロバ,,1003a,東京都目黒区下目黒6-8-28,,35.62626948,139.7009656,,,1.00E+12,目黒区,,,,,,,,
131105,327,東京都,目黒区,西小山ニコニコ広場,ニシコヤマニコニコヒロバ,,1003a,東京都目黒区原町1-17-6,,35.61691205,139.6960103,,,1.00E+12,目黒区,,,,,,,,
131105,328,東京都,目黒区,洗足駅前ふれあい広場,センゾクエキマエフレアイヒロバ,,1003a,東京都目黒区洗足2-6-8,,35.61063858,139.6945891,,,1.00E+12,目黒区,,,,,,,,
131105,329,東京都,目黒区,子の神ふれあい広場,ネノカミフレアイヒロバ,,1003a,東京都目黒区南1-8-15,,35.61538456,139.6891295,,,1.00E+12,目黒区,,,,,,,,
131105,330,東京都,目黒区,都立大学駅高架下広場,トリツダイガクエキコウカシタヒロバ,,1003a,東京都目黒区中根1-5先,,35.61673,139.675439,,,1.00E+12,目黒区,,,,,,,,
131105,331,東京都,目黒区,めぐろ区民キャンパス広場,メグロクミンキャンパスヒロバ,,1003a,東京都目黒区八雲1-1-12,,35.62090326,139.6741405,,,1.00E+12,目黒区,,,,,,,,
131105,332,東京都,目黒区,深沢区民農園,フカザワクミンノウエン,,1003a,東京都目黒区東京都世田谷区深沢4-8-1,,35.62184314,139.6578796,,,1.00E+12,目黒区,,,,,,,,
131105,333,東京都,目黒区,深沢第二区民農園,フカザワダイニクミンノウエン,,1003a,東京都目黒区東京都世田谷区深沢4-１,,35.618963,139.659359,,,1.00E+12,目黒区,,,,,,,,
131105,334,東京都,目黒区,駒場一丁目防災緑地,コマバハジメチョウメボウサイリョクチ,,1003a,東京都目黒区駒場1-14-12,,35.65691501,139.687024,,,1.00E+12,目黒区,,,,,,,,
131105,335,東京都,目黒区,上一防災ひろば,カミイチボウサイヒロバ,,1003a,東京都目黒区上目黒1-17-4,,35.64571648,139.6982556,,,1.00E+12,目黒区,,,,,,,,
131105,336,東京都,目黒区,合流点遊び場,ゴウリュウテンアソビジョウ,,1003a,東京都目黒区上目黒1-26先,,35.643793,139.700402,,,1.00E+12,目黒区,,,,,,,,
131105,337,東京都,目黒区,上目黒四丁目防災ひろば,カミメグロヨンチョウメボウサイヒロバ,,1003a,東京都目黒区上目黒4-17-25,,35.64033768,139.6908464,,,1.00E+12,目黒区,,,,,,,,
131105,338,東京都,目黒区,目黒不動防災ひろば,メグロフドウボウサイヒロバ,,1003a,東京都目黒区下目黒3-10-22,,35.6271094,139.7100684,,,1.00E+12,目黒区,,,,,,,,
131105,339,東京都,目黒区,ポケットオアシス清水,ポケットオアシスキヨミズ,,1003a,東京都目黒区目黒本町1-6-1,,35.62607347,139.6983512,,,1.00E+12,目黒区,,,,,,,,
131105,340,東京都,目黒区,碑文谷一丁目遊び場,ヒモンヤイチチョウメアソビジョウ,,1003a,東京都目黒区碑文谷1-17,,35.62052,139.690827,,,1.00E+12,目黒区,,,,,,,,
131105,341,東京都,目黒区,碑文谷八幡宮児童遊び場,ヒモンヤハチマングウジドウアソビジョウ,,1003a,東京都目黒区碑文谷3-7,,35.617486,139.686125,,,1.00E+12,目黒区,,,,,,,,
131105,342,東京都,目黒区,熊野神社児童遊び場,クマノジンジャジドウアソビジョウ,,1003a,東京都目黒区自由が丘1-24,,35.609907,139.668623,,,1.00E+12,目黒区,,,,,,,,
131105,343,東京都,目黒区,目黒川緑道,メグロガワリョクドウ,,1003a,東京都目黒区大橋2-23先〜同2-24先,,35.651667,139.685005,,,1.00E+12,目黒区,,,,,,,,
131105,344,東京都,目黒区,蛇崩川緑道1,ヘビホウガワリョクドウ1,,1003a,東京都目黒区上目黒1-23先〜同1-24先,,35.64438,139.69969,,,1.00E+12,目黒区,,,,,,,,
131105,345,東京都,目黒区,蛇崩川緑道2,ヘビホウガワリョクドウ2,,1003a,東京都目黒区上目黒2-1先〜同3-4先,,35.643565,139.698846,,,1.00E+12,目黒区,,,,,,,,
131105,346,東京都,目黒区,蛇崩川緑道3,ヘビホウガワリョクドウ3,,1003a,東京都目黒区上目黒2-46先〜同3-32先,,35.641975,139.695809,,,1.00E+12,目黒区,,,,,,,,
131105,347,東京都,目黒区,蛇崩川緑道4,ヘビホウガワリョクドウ4,,1003a,東京都目黒区上目黒2-46先〜同5-28先,,35.641975,139.695809,,,1.00E+12,目黒区,,,,,,,,
131105,348,東京都,目黒区,蛇崩川支流緑道,ヘビホウガワシリュウリョクドウ,,1003a,東京都目黒区上目黒4-23先〜同4-31先,,35.642315,139.69056,,,1.00E+12,目黒区,,,,,,,,
131105,349,東京都,目黒区,谷戸前川緑道,ヤトマエガワリョクドウ,,1003a,東京都目黒区目黒3-17先〜同4-1先,,35.633396,139.703669,,,1.00E+12,目黒区,,,,,,,,
131105,350,東京都,目黒区,羅漢寺川緑道,ラカンジガワリョクドウ,,1003a,東京都目黒区目黒本町1-7先〜同1-8先,,35.625642,139.698319,,,1.00E+12,目黒区,,,,,,,,
131105,351,東京都,目黒区,立会川緑道,タチアイガワリョクドウ,,1003a,東京都目黒区原町1-2先〜碑文谷1-28先,,35.617251,139.696958,,,1.00E+12,目黒区,,,,,,,,
131105,352,東京都,目黒区,呑川本流緑道,ノミガワホンリュウリョクドウ,,1003a,東京都目黒区緑が丘3-3先〜八雲3-31先,,35.605657,139.679943,,,1.00E+12,目黒区,,,,,,,,
131105,353,東京都,目黒区,呑川柿の木坂支流緑道,ノミガワカキノキザカシリュウリョクドウ,,1003a,東京都目黒区中根1-3先〜東が丘1-35先,,35.617676,139.675548,,,1.00E+12,目黒区,,,,,,,,
131105,354,東京都,目黒区,呑川駒沢支流緑道,ノミガワコマザワシリュウリョクドウ,,1003a,東京都目黒区八雲2-25先〜同5-14先,,35.616861,139.66951,,,1.00E+12,目黒区,,,,,,,,
131105,355,東京都,目黒区,九品仏川緑道,クホンブツガワリョクドウ,,1003a,東京都目黒区緑が丘3-3先〜自由が丘1-5先,,35.605657,139.679943,,,1.00E+12,目黒区,,,,,,,,
131105,356,東京都,目黒区,ひがしやま幼稚園,ヒガシヤマヨウチエン,,1501a,東京都目黒区東山3-24-2,,35.648048,139.685593,03-3791-4615,,1.00E+12,目黒区,,,,,,,,
131105,357,東京都,目黒区,みどりがおかこども園,ミドリガオカコドモエン,,1501a,東京都目黒区緑が丘 2-7-20,,35.60942,139.674428,03-3718-6622,,1.00E+12,目黒区,,,,,,,,
131105,358,東京都,目黒区,げっこうはらこども園,ゲッコウハラコドモエン,,1501a,東京都目黒区目黒本町 4-15-3,,35.62251,139.694586,03-3716-3024,,1.00E+12,目黒区,,,,,,,,
131105,359,東京都,目黒区,八雲小学校,ヤクモショウガッコウ,,1503a,東京都目黒区八雲 2-5-1,,35.618062,139.671255,03-3718-6306,,1.00E+12,目黒区,,,,,,,,
131105,360,東京都,目黒区,菅刈小学校,スゲカリショウガッコウ,,1503a,東京都目黒区青葉台 3-3-26,,35.651673,139.692158,03-3461-2569,,1.00E+12,目黒区,,,,,,,,
131105,361,東京都,目黒区,下目黒小学校,シモメグロショウガッコウ,,1503a,東京都目黒区目黒 2-7-9,,35.634203,139.709154,03-3491-0332,,1.00E+12,目黒区,,,,,,,,
131105,362,東京都,目黒区,碑小学校,イシブミショウガッコウ,,1503a,東京都目黒区碑文谷 1-18-2,,35.619603,139.690579,03-3714-1594,,1.00E+12,目黒区,,,,,,,,
131105,363,東京都,目黒区,中目黒小学校,ナカメグロショウガッコウ,,1503a,東京都目黒区中目黒 3-13-32,,35.640194,139.699171,03-3711-7628,,1.00E+12,目黒区,,,,,,,,
131105,364,東京都,目黒区,油面小学校,アブラメンショウガッコウ,,1503a,東京都目黒区中町 1-5-4,,35.632395,139.698299,03-3719-1694,,1.00E+12,目黒区,,,,,,,,
131105,365,東京都,目黒区,大岡山小学校,オオオカヤマショウガッコウ,,1503a,東京都目黒区平町 2-3-1,,35.615482,139.683004,03-3718-5306,,1.00E+12,目黒区,,,,,,,,
131105,366,東京都,目黒区,烏森小学校,カラスモリショウガッコウ,,1503a,東京都目黒区上目黒 3-37-27,,35.644365,139.692883,03-3719-1794,,1.00E+12,目黒区,,,,,,,,
131105,367,東京都,目黒区,向原小学校,ムカイハラショウガッコウ,,1503a,東京都目黒区目黒本町 6-7-15,,35.618716,139.695783,03-3714-1795,,1.00E+12,目黒区,,,,,,,,
131105,368,東京都,目黒区,五本木小学校,ゴホンギショウガッコウ,,1503a,東京都目黒区五本木 2-24-3,,35.634466,139.687889,03-3711-8494,,1.00E+12,目黒区,,,,,,,,
131105,369,東京都,目黒区,鷹番小学校,タカバンショウガッコウ,,1503a,東京都目黒区中央町 1-20-26,,35.627761,139.690222,03-3714-2594,,1.00E+12,目黒区,,,,,,,,
131105,370,東京都,目黒区,田道小学校,デンドウショウガッコウ,,1503a,東京都目黒区目黒 1-15-28,,35.637594,139.709168,03-3711-8594,,1.00E+12,目黒区,,,,,,,,
131105,371,東京都,目黒区,月光原小学校,ゲッコウハラショウガッコウ,,1503a,東京都目黒区目黒本町 4-15-3,,35.62251,139.694586,03-3714-2694,,1.00E+12,目黒区,,,,,,,,
131105,372,東京都,目黒区,駒場小学校,コマバショウガッコウ,,1503a,東京都目黒区駒場 3-11-13,,35.65986,139.681936,03-3467-4461,,1.00E+12,目黒区,,,,,,,,
131105,373,東京都,目黒区,緑ヶ丘小学校,ミドリガオカショウガッコウ,,1503a,東京都目黒区緑が丘 2-13-1,,35.610299,139.673449,03-3718-5406,,1.00E+12,目黒区,,,,,,,,
131105,374,東京都,目黒区,原町小学校,ハラマチショウガッコウ,,1503a,東京都目黒区原町 2-18-12,,35.615752,139.690492,03-3714-2794,,1.00E+12,目黒区,,,,,,,,
131105,375,東京都,目黒区,不動小学校,フドウショウガッコウ,,1503a,東京都目黒区下目黒 6-11-35,,35.627081,139.699099,03-3714-3594,,1.00E+12,目黒区,,,,,,,,
131105,376,東京都,目黒区,上目黒小学校,カミメグロショウガッコウ,,1503a,東京都目黒区五本木 1-12-13,,35.638735,139.690425,03-3719-2594,,1.00E+12,目黒区,,,,,,,,
131105,377,東京都,目黒区,東根小学校,ヒガシネショウガッコウ,,1503a,東京都目黒区東が丘 1-20-1,,35.627158,139.668027,03-3424-4511,,1.00E+12,目黒区,,,,,,,,
131105,378,東京都,目黒区,中根小学校,ナカネショウガッコウ,,1503a,東京都目黒区緑が丘 1-1-1,,35.61241,139.678527,03-3718-4506,,1.00E+12,目黒区,,,,,,,,
131105,379,東京都,目黒区,宮前小学校,ミヤマエショウガッコウ,,1503a,東京都目黒区八雲 3-13-21,,35.615365,139.66688,03-3718-5506,,1.00E+12,目黒区,,,,,,,,
131105,380,東京都,目黒区,東山小学校,ヒガシヤマショウガッコウ,,1503a,東京都目黒区東山 2-24-25,,35.64692,139.685758,03-3719-2694,,1.00E+12,目黒区,,,,,,,,
131105,381,東京都,目黒区,第一中学校,ダイイチチュウガッコウ,,1504a,東京都目黒区大橋 2-11-1,,35.654667,139.686633,03-3466-6158,,1.00E+12,目黒区,,,,,,,,
131105,382,東京都,目黒区,第七中学校,ダイナナチュウガッコウ,,1504a,東京都目黒区碑文谷 1-1-33,,35.622923,139.691764,03-3714-3794,,1.00E+12,目黒区,,,,,,,,
131105,383,東京都,目黒区,第八中学校,ダイハチチュウガッコウ,,1504a,東京都目黒区碑文谷 4-19-25,,35.619685,139.682495,03-3714-4594,,1.00E+12,目黒区,,,,,,,,
131105,384,東京都,目黒区,第九中学校,ダイクチュウガッコウ,,1504a,東京都目黒区洗足 1-29-26,,35.613508,139.69455,03-3714-4694,,1.00E+12,目黒区,,,,,,,,
131105,385,東京都,目黒区,第十中学校,ダイジュウチュウガッコウ,,1504a,東京都目黒区八雲 5-2-1,,35.62432,139.668677,03-3718-6406,,1.00E+12,目黒区,,,,,,,,
131105,386,東京都,目黒区,第十一中学校,ダイジュウイチチュウガッコウ,,1504a,東京都目黒区緑が丘 1-8-1,,35.609469,139.679024,03-3718-6506,,1.00E+12,目黒区,,,,,,,,
131105,387,東京都,目黒区,東山中学校,ヒガシヤマチュウガッコウ,,1504a,東京都目黒区東山 1-24-31,,35.646476,139.690227,03-3711-8794,,1.00E+12,目黒区,,,,,,,,
131105,388,東京都,目黒区,目黒中央中学校,メグロチュウオウチュウガッコウ,,1504a,東京都目黒区中町 2‐37‐38,,35.634678,139.693647,03-3711-8394,,1.00E+12,目黒区,,,,,,,,
131105,389,東京都,目黒区,大鳥中学校,オオトリチュウガッコウ,,1504a,東京都目黒区下目黒 3-23-18,,35.631092,139.707612,03-3714-3694,,1.00E+12,目黒区,,,,,,,,
131105,390,東京都,目黒区,八ヶ岳林間学園,ヤツガタケリンカンガクエン,,1511a,山梨県北杜市高根町清里 3545,,35.934211,138.442816,0551-48-2031,,1.00E+12,目黒区,,,,,,,,
131105,391,東京都,目黒区,興津自然学園,オキツシゼンガクエン,,1511a,千葉県勝浦市興津 143,,35.13696,140.254779,0470-76-3111,,1.00E+12,目黒区,,,,,,,,
131105,392,東京都,目黒区,めぐろ学校サポートセンター,メグロガッコウサポートセンター,,1514a,東京都目黒区中目黒 3-6-10,,35.639384,139.702725,03-3715-1531,,1.00E+12,目黒区,,,,,,,,
131105,393,東京都,目黒区,東が丘在宅ケア多機能センター,ヒガシガオカザイタクケアタキノウセンター,,1409a,東京都目黒区東が丘 1-6-4,ひがしがおかホーム内,35.626356,139.670513,03-5481-2197,,1.00E+12,目黒区,,,,,,,,
131105,394,東京都,目黒区,目黒区発達障害支援拠点　ぽると,メグロクハッタツショウガイシエンキョテン　ポルト,,1499a,東京都目黒区東山 2-24-30,東山小学校内,35.646695,139.685956,03-6412-7151,,1.00E+12,目黒区,,,,,,,,
131105,395,東京都,目黒区,中町二丁目自転車集積所,ナカマチニチョウメジテンシャシュウセキジョ,,1399a,東京都目黒区中町2-46-12,,35.63309383,139.6910347,03-3711-7433,,1.00E+12,目黒区,,,,,,,,
