全国地方公共団体コード,ID,地方公共団体名,名称,名称_カナ,名称_英字,名称_通称,POIコード,外部識別子,外部識別子の値,所在地_全国地方公共団体コード,町字ID,所在地_連結表記,所在地_都道府県,所在地_市区町村,所在地_町字,所在地_番地以下,建物名等(方書),緯度,経度,高度の種別,高度の値,電話番号,内線番号,連絡先メールアドレス,連絡先FormURL,連絡先備考（その他、SNSなど）,郵便番号,法人番号,団体名,利用可能曜日,開始時間,終了時間,利用可能時間特記事項,説明,車椅子可,車椅子貸出,ツエ貸出,バリアフリートイレ,スロープ、エレベータ、エスカレータ,スロープ,エレベータ,エスカレータ,点字ブロック等の移動支援,点字や読上による支援,盲導犬・介助犬、聴導犬同伴,字幕,筆談対応,優先駐車場,オストメイト対応トイレ,授乳室,おむつ替えコーナー,飲食可否,ベビーカー貸出,ベビーカー利用,URL,画像,画像_ライセンス,備考
131181,131181000001,荒川区,荒川区役所,アラカワクヤクショ,,,1302,,,131181,0006002,東京都荒川区荒川2丁目2-3,東京都,荒川区,荒川2丁目,2-3,,35.736149,139.783420,,,(03)3802-3111,,,,X（旧Twitter）: https://x.com/arakawakukoho; Facebook: https://www.facebook.com/city.arakawa,1160002,7000020131181,荒川区,月火水木金,8:30,17:15,休業日：土曜・日曜・祝日・休日・年末年始（12月29日から翌年1月3日）。　夜間・休日窓口：水曜日は一部窓口で午後7時まで開庁。第2・4日曜日は午前9時から正午に一部窓口を開庁。,区役所,可,有,無,有,有,有,有,無,有,有,有,無,有,有,有,有,有,可,有,有,,,,
131181,131181000002,荒川区,荒川区役所北庁舎,アラカワクヤクショキタチョウシャ,,,1302,,,131181,0006002,東京都荒川区荒川2丁目11-1,東京都,荒川区,荒川2丁目,11-1,,35.737045,139.783407,,,(03)3802-3111,,,,,1168502,7000020131181,荒川区,月火水木金,8:30,17:15,休業日：土曜・日曜・祝日・休日・年末年始（12月29日から翌年1月3日）。,区役所,可,有,無,有,有,無,有,無,有,有,有,無,有,有,有,無,無,可,無,有,,,,
131181,131181000003,荒川区,南千住区民事務所,ミナミセンジュクミンジムショ,,,1304,,,131181,0004007,東京都荒川区南千住7丁目1-1 アクレスティ南千住2階,東京都,荒川区,南千住7丁目,1-1,アクレスティ南千住2階,35.733113,139.798194,階数,2,(03)3803-1791,,,,,1160003,7000020131181,荒川区,月火水木金（日）,8:30,17:15,水曜：8：30～19：00、第2・4日曜：9：00～12：00,区民事務所,可,有,無,有,有,有,有,無,無,無,有,無,有,無,有,有,有,否,無,有,,,,
131181,131181000004,荒川区,町屋区民事務所,マチヤクミンジムショ,,,1304,,,131181,0002002,東京都荒川区荒川7丁目50-9 センターまちや4階,東京都,荒川区,町屋2丁目,8-9,,35.743942,139.779841,階数,4,(03)3892-2321,,,,,1160002,7000020131181,荒川区,月火水木金,8:30,17:15,,区民事務所,可,無,無,有,有,無,有,有,無,有,有,無,有,無,有,有,有,否,無,有,,,,トイレにおむつ交換台あり
131181,131181000005,荒川区,尾久区民事務所,オグクミンジムショ,,,1304,,,131181,0001003,東京都荒川区西尾久3丁目7-15,東京都,荒川区,西尾久3丁目,7-15,,35.750618,139.765294,,,(03)3894-6121,,,,,1160011,7000020131181,荒川区,月火水木金,8:30,17:15,,区民事務所,可,無,無,無,有,有,無,無,無,有,有,無,有,無,無,無,無,否,無,有,,,,
131181,131181000006,荒川区,日暮里区民事務所,ニッポリクミンジムショ,,,1304,,,131181,0005006,東京都荒川区東日暮里6丁目17-6 ふらっとにっぽり1階,東京都,荒川区,東日暮里6丁目,17-6,ふらっとにっぽり1階,35.728949,139.777372,階数,1,(03)3801-2108,,,,,1160014,7000020131181,荒川区,月火水木金,8:30,17:15,,区民事務所,可,無,無,有,有,有,有,無,有,有,有,無,有,有,有,有,有,否,無,有,,,,
131180,131181000007,荒川区,荒川区子ども家庭総合センター,アラカワクコドモカテイソウゴウセンター,,,1406,,,131181,0006001,東京都荒川区荒川1丁目50-17,東京都,荒川区,荒川1丁目,50-17,,35.733955,139.784770,,,(03)3802-3765,,,,,1160002,7000020131181,荒川区,月火水木金,8:30,17:15,祝日は利用不可。また、12/29～1/3は終日利用不可。,子育てに関する専門の相談機関,可,有,無,有,有,有,有,無,有,有,無,無,有,有,無,有,有,否,無,有,,,,
131181,131181000008,荒川区,荒川区保健所,アラカワクホケンジョ,,,1606,,,131181,0006002,東京都荒川区荒川2丁目11-1 1階,東京都,荒川区,荒川2丁目,11-1,1階,35.737045,139.783407,階数,1,(03)3802-3111,,,,,1168502,7000020131181,荒川区,月火水木金,8:30,17:15,休業日：土曜・日曜・祝日・休日・年末年始（12月29日から翌年1月3日）。,保健所,可,有,無,有,有,無,有,無,有,有,有,無,有,有,有,無,無,可,無,有,,,,
131181,131181000009,荒川区,荒川区がん予防・健康づくりセンター,アラカワクガンヨボウケンコウヅクリセンター,,,1606,,,131181,0006002,東京都荒川区荒川2丁目11-1,東京都,荒川区,荒川2丁目,11-1,,35.737045,139.783407,,,(03)3802-3111,,,,,1168502,7000020131181,荒川区,月火水木金,8:30,17:15,休業日：土曜・日曜・祝日・休日・年末年始（12月29日から翌年1月3日）。 不定期の土日に健診等を実施。,保健所,可,有,無,有,有,有,有,無,有,有,有,無,有,有,無,有,有,可,無,有,,,,
131181,131181000010,荒川区,荒川区役所分庁舎,アラカワクヤクショブンチョウシャ,,,1304,,,131181,0006002,東京都荒川区荒川2丁目25-3,東京都,荒川区,荒川2丁目,25-3,,35.737896,139.784181,,,(03)3802-3111,,,,,1160002,7000020131181,荒川区,月火水木金,8:30,17:15,12月29日から1月3日までは閉庁日,区役所,可,有,無,有,有,無,有,無,無,無,有,無,有,無,無,無,無,否,無,有,,,,
131181,131181000011,荒川区,あらかわエコセンター,アラカワエコセンター,,,1304,,,131181,0006001,東京都荒川区荒川1丁目53-20,東京都,荒川区,荒川1丁目,53-20,,35.733016,139.784481,,,(03)3802-31643111,,,,,1160002,7000020131181,荒川区,月火水木金,8:30,17:15,年末年始は除く,環境清掃施設,可,無,無,有,有,有,有,無,有,有,有,無,有,有,無,無,無,否,無,有,,,,オストメイト対応トイレ及び授乳室は、併設している心身障害者福祉センターに有
131181,131181000012,荒川区,清掃リサイクル事務所,セイソウリサイクルジムショ,,,1304,,,131181,0002005,東京都荒川区町屋5丁目19-1,東京都,荒川区,町屋5丁目,19-1,,35.752901,139.779214,,,(03)3892-4671,,,,,1160001,7000020131181,荒川区,月火水木金土,7:40,17:15,年末年始は除く,環境清掃施設,否,無,無,無,無,無,無,無,無,有,有,無,有,無,無,無,無,否,無,無,,,,
131181,131181000013,荒川区,あらかわリサイクルセンター,アラカワリサイクルセンター,,,2004,,,131181,0004003,東京都荒川区南千住3丁目28-69,東京都,荒川区,南千住3丁目,28-69,,35.728692,139.807878,,,(03)3805-9172,,,,,1160003,7000020131181,荒川区,月火水木金土,8:30,17:15,年末年始は除く,環境清掃施設,可,無,無,有,有,無,有,無,有,有,有,無,有,有,有,無,有,否,無,有,,,,
131181,131181000014,荒川区,南千住清掃車車庫,ミナミセンジュセイソウシャシャコ,,,1304,,,131181,0004004,東京都荒川区南千住4丁目1-8,東京都,荒川区,南千住4丁目,1-8,,,,,,,,,,,1160003,7000020131181,荒川区,月火水木金土,7:40,16:25,年末年始は除く,環境清掃施設,可,無,無,有,有,無,有,無,有,有,有,無,有,無,無,無,無,否,無,有,,,,
131181,131181000015,荒川区,あらかわ就労支援センター,アラカワシュウロウシエンセンター,,,1399,,,131181,0006007,東京都荒川区荒川7丁目50-9 センターまちや3階,東京都,荒川区,荒川7丁目,50-9,センターまちや3階,35.742455,139.780797,階数,3,(03)3800-8710,,,,,1160002,7000020131181,荒川区,月火水木金,10:00,18:00,利用可能時間は相談窓口により異なる。休業日：年末年始。,就労支援施設,可,無,無,有,有,無,有,有,無,無,有,無,有,無,有,有,有,否,無,有,,,,区の文化施設「ムーブ町屋」内にあり、ふるさとハローワークである「ＪＯＢコーナー町屋」、若者・女性・シニアを対象とする相談窓口などを設置・運営している。
131181,131181000016,荒川区,南千住区民事務所西部ひろば館,ミナミセンジュクミンジムショセイブヒロバカン,,,1309,,,131181,0004001,東京都荒川区南千住1丁目19-13,東京都,荒川区,南千住1丁目,19-13,,35.733246,139.790130,,,電話なし,,,,,1160003,7000020131181,荒川区,月火水木金土日,9:00,21:45,,ひろば館,否,無,無,無,有,有,無,無,無,無,無,無,無,無,無,無,無,否,無,有,,,,
131181,131181000017,荒川区,石浜ふれあい館,イシハマフレアイカン,,,1403,,,131181,0004003,東京都荒川区南千住3丁目28-2,東京都,荒川区,南千住3丁目,28-2,,35.731295,139.806409,,,(03)3805-5301,,,,,1160003,8010001033429,株式会社　日本デイケアセンター,月火水木金土日,8:30,22:00,12月29日から1月3日までは休館日,ふれあい館,可,有,無,有,有,有,有,無,有,無,有,無,有,有,有,有,有,可,無,有,,,,
131181,131181000018,荒川区,南千住ふれあい館,ミナミセンジュフレアイカン,,,1403,,,131181,0004006,東京都荒川区南千住6丁目36-13,東京都,荒川区,南千住6丁目,36-13,,35.738171,139.791033,,,(03)3807-1131,,,,,1160003,5011001011146,株式会社　ポピンズエデュケア,月火水木金土日,8:30,22:00,12月29日から1月3日までは休館日,ふれあい館,可,有,無,有,有,有,有,無,有,無,有,無,有,有,有,有,有,可,無,有,,,,
131181,131181000019,荒川区,南千住駅前ふれあい館,ミナミセンジュエキマエフレアイカン,,,1403,,,131181,0004007,東京都荒川区南千住7丁目1-1 208,東京都,荒川区,南千住7丁目,1-1,208,35.733113,139.798194,階数,2,(03)3803-0571,,,,,1160003,8010001033429,株式会社　日本デイケアセンター,月火水木金土日,8:30,22:00,12月29日から1月3日までは休館日,ふれあい館,可,有,無,有,有,有,有,無,無,無,有,無,有,有,有,有,有,可,無,有,,,,
131181,131181000020,荒川区,汐入ふれあい館,シオイリフレアイカン,,,1403,,,131181,0004008,東京都荒川区南千住8丁目2-2,東京都,荒川区,南千住8丁目,2-2,,35.735060,139.807398,,,(03)3806-9928,,,,,1160003,1010905000786,社会福祉法人　雲柱社,月火水木金土日,8:30,22:00,12月29日から1月3日までは休館日,ふれあい館,可,有,無,有,有,有,有,無,有,無,有,無,有,無,有,無,有,可,無,有,,,,
131181,131181000021,荒川区,峡田ふれあい館,ハケタフレアイカン,,,1403,,,131181,0006003,東京都荒川区荒川3丁目3-10,東京都,荒川区,荒川3丁目,3-10,,35.733807,139.784169,,,(03)3807-2886,,,,,1160002,3013305000743,労働者協同組合 　ワーカーズコープ・センター事業団,月火水木金土日,8:30,22:00,12月29日から1月3日までは休館日,ふれあい館,可,有,無,有,有,有,有,無,有,無,有,無,有,有,有,有,有,可,無,有,,,,
131181,131181000022,荒川区,三河島ひろば館,ミカワシマヒロバカン,,,1305,,,131181,0006003,東京都荒川区荒川3丁目36-4,東京都,荒川区,荒川3丁目,36-4,,35.735186,139.780833,,,(03)3806-6179,,,,,1160002,7000020131181,荒川区,月火水木金土日,8:30,22:00,12月29日から1月3日までは休館日,ひろば館,否,無,無,無,有,有,無,無,無,無,有,無,有,無,無,無,無,可,無,無,,,,
131181,131181000023,荒川区,宮地ひろば館,ミヤチヒロバカン,,,1309,,,131181,0006005,東京都荒川区荒川5丁目12-10,東京都,荒川区,荒川5丁目,12-10,,35.739558,139.778195,,,(03)3805-5741,,,,,1160002,7000020131181,荒川区,月火水木金土日,9:00,21:45,休業日：年末年始（12月29日から翌年1月3日）,ひろば館,可,無,無,有,有,有,有,無,有,無,有,無,有,無,無,有,有,否,無,有,,,,
131181,131181000024,荒川区,花の木ひろば館,ハナノキヒロバカン,,,1403,,,131181,0006005,東京都荒川区荒川5丁目50-5,東京都,荒川区,荒川5丁目,50-5,,35.740194,139.774792,,,(03)3895-6923,,,,,1160002,7000020131181,荒川区,月火水木金土,9:30,18:00,土曜日は17:00まで,ひろば館,否,無,無,無,無,無,無,無,無,無,無,無,有,無,無,有,有,否,無,有,,,,
131181,131181000025,荒川区,荒川六丁目ひろば館,アラカワロクチョウメヒロバカン,,,1305,,,131181,0006006,東京都荒川区荒川6丁目33-4,東京都,荒川区,荒川6丁目,33-4,,35.741692,139.777019,,,(03)3895-0879,,,,,1160002,7000020131181,荒川区,月火水木金土日,8:30,22:00,12月29日から1月3日までは休館日,ひろば館,否,無,無,無,有,有,無,無,無,無,有,無,有,無,無,無,無,可,無,無,,,,
131181,131181000026,荒川区,荒川山吹ふれあい館,アラカワヤマブキフレアイカン,,,1403,,,131181,0006007,東京都荒川区荒川7丁目6-8,東京都,荒川区,荒川7丁目,6-8,,35.742544,139.783981,,,(03)3805-2860,,,,,1160002,5011505000925,特定非営利活動法人　荒川区高年者クラブ連合会,月火水木金土日,8:30,22:00,12月29日から1月3日までは休館日,ふれあい館,可,有,無,有,有,有,有,無,有,無,有,無,有,有,有,無,有,可,無,有,,,,
131181,131181000027,荒川区,町屋ふれあい館,マチヤフレアイカン,,,1403,,,131181,0002001,東京都荒川区町屋1丁目35-8,東京都,荒川区,町屋1丁目,35-8,,35.744085,139.785794,,,(03)3800-2011,,,,,1160001,1010905000786,社会福祉法人　雲柱社,月火水木金土日,8:30,22:00,12月29日から1月3日までは休館日,ふれあい館,可,有,無,有,有,有,有,無,有,無,有,無,有,有,有,有,有,可,無,有,,,,
131181,131181000028,荒川区,町屋二丁目ひろば館,マチヤニチョウメヒロバカン,,,1305,,,131181,0002002,東京都荒川区町屋2丁目8-13,東京都,荒川区,町屋2丁目,8-13,,35.743905,139.780224,,,(03)3895-2555,,,,,1160001,7000020131181,荒川区,月火水木金土日,8:30,22:00,12月29日から1月3日までは休館日,ひろば館,否,無,無,無,有,有,無,無,無,無,有,無,有,無,無,無,無,可,無,無,,,,
131181,131181000029,荒川区,荒木田ふれあい館,アラキダフレアイカン,,,1403,,,131181,0002006,東京都荒川区町屋6丁目13-2,東京都,荒川区,町屋6丁目,13-2,,35.750412,139.783393,,,(03)3800-1981,,,,,1160001,1011501007291,株式会社　大起エンゼルヘルプ,月火水木金土日,8:30,22:00,12月29日から1月3日までは休館日,ふれあい館,可,有,無,有,有,有,有,無,有,無,有,無,有,有,有,有,有,可,無,有,,,,
131181,131181000030,荒川区,東尾久小沼ひろば館,ヒガシオグコヌマヒロバカン,,,1305,,,131181,0003001,東京都荒川区東尾久1丁目21-23,東京都,荒川区,東尾久1丁目,21-23,,35.739419,139.771264,,,(03)3895-4335,,,,,1160012,7000020131181,荒川区,月火水木金土日,8:30,22:00,12月29日から1月3日までは休館日,ひろば館,否,無,無,無,有,有,無,無,無,無,有,無,有,無,無,無,無,可,無,無,,,,
131181,131181000031,荒川区,東尾久本町通りふれあい館,ヒガシオグホンチョウドオリフレアイカン,,,1403,,,131181,0003002,東京都荒川区東尾久2丁目37-14,東京都,荒川区,東尾久2丁目,37-14,,35.744696,139.771386,,,(03)3893-8001,,,,,1160012,3013305000743,労働者協同組合 　ワーカーズコープ・センター事業団,月火水木金土日,8:30,22:00,12月29日から1月3日までは休館日,ふれあい館,可,有,無,有,有,有,有,無,有,無,有,無,有,有,有,有,有,可,無,有,,,,
131181,131181000032,荒川区,熊野前ひろば館,クマノマエヒロバカン,,,1403,,,131181,0003005,東京都荒川区東尾久5丁目9-3,東京都,荒川区,東尾久5丁目,9-3,,35.748248,139.768918,,,(03)3893-2362,,,,,1160012,7000020131181,荒川区,月火水木金土,9:30,18:00,土曜日は17:00まで,ひろば館,可,無,無,有,有,有,有,無,無,無,無,無,有,無,無,有,有,否,無,有,,,,
131181,131181000033,荒川区,宮の前ひろば館,ミヤノマエヒロバカン,,,1309,,,131181,0003005,東京都荒川区東尾久5丁目45-11,東京都,荒川区,東尾久5丁目,45-11,,35.748684,139.766375,,,電話なし,,,,,1160012,7000020131181,荒川区,月火水木金土日,9:00,21:45,,ひろば館,否,無,無,無,無,無,無,無,無,無,有,無,無,無,無,無,無,可,無,無,,,,
131181,131181000034,荒川区,尾久ふれあい館,オグフレアイカン,,,1403,,,131181,0001002,東京都荒川区西尾久2丁目25-13,東京都,荒川区,西尾久2丁目,25-13,,35.750182,139.763382,,,(03)3809-2511,,,,,1160011,3013305000743,労働者協同組合 　ワーカーズコープ・センター事業団,月火水木金土日,8:30,22:00,12月29日から1月3日までは休館日,ふれあい館,可,有,無,有,有,有,有,無,有,無,有,無,有,有,有,有,有,可,無,有,,,,
131181,131181000035,荒川区,尾久区民事務所ひろば館,オグクミンジムショヒロバカン,,,1309,,,131181,0001003,東京都荒川区西尾久3丁目7-15,東京都,荒川区,西尾久3丁目,7-15,,,,,,(03)3894-6121,,,,,1160011,7000020131181,荒川区,月火水木金土日,9:00,21:45,,ひろば館,否,無,無,無,無,無,無,無,無,無,有,無,無,無,無,無,無,可,無,無,,,,
131181,131181000036,荒川区,西尾久みどりひろば館,ニシオグミドリヒロバカン,,,1305,,,131181,0001004,東京都荒川区西尾久4丁目6-4,東京都,荒川区,西尾久4丁目,6-4,,35.744159,139.761297,,,(03)3800-2138,,,,,1160011,7000020131181,荒川区,月火水木金土日,8:30,22:00,12月29日から1月3日までは休館日,ひろば館,否,無,無,無,有,有,無,無,無,無,有,無,有,無,無,無,無,可,無,無,,,,
131181,131181000037,荒川区,西尾久ふれあい館,ニシオグフレアイカン,,,1403,,,131181,0001008,東京都荒川区西尾久8丁目33-31,東京都,荒川区,西尾久8丁目,33-31,,35.751620,139.753376,,,(03)3810-6219,,,,,1160011,8010001033429,株式会社　日本デイケアセンター,月火水木金土日,8:30,22:00,12月29日から1月3日までは休館日,ふれあい館,可,有,無,有,有,有,有,無,有,無,有,無,有,有,有,有,有,可,無,有,,,,
131181,131181000038,荒川区,東日暮里ふれあい館,ヒガシニッポリフレアイカン,,,1403,,,131181,0005001,東京都荒川区東日暮里1丁目17-13,東京都,荒川区,東日暮里1丁目,17-13,,35.729626,139.790208,,,(03)3807-6383,,,,,1160014,8011505000633,学校法人　道灌山学園,月火水木金土日,8:30,22:00,12月29日から1月3日までは休館日,ふれあい館,可,有,無,有,有,有,有,無,有,無,有,無,有,無,有,有,有,可,無,有,,,,
131181,131181000039,荒川区,夕やけこやけふれあい館,ユウヤケコヤケフレアイカン,,,1403,,,131181,0005003,東京都荒川区東日暮里3丁目11-19,東京都,荒川区,東日暮里3丁目,11-19,,35.729935,139.781469,,,(03)3801-0715,,,,,1160014,3011505000654,社会福祉法人　教信精舎,月火水木金土日,8:30,22:00,12月29日から1月3日までは休館日,ふれあい館,可,有,無,有,有,有,有,無,有,無,有,無,有,有,有,有,有,可,無,有,,,,
131181,131181000040,荒川区,ひぐらしふれあい館,ヒグラシフレアイカン,,,1403,,,131181,0005006,東京都荒川区東日暮里6丁目28-15,東京都,荒川区,東日暮里6丁目,28-15,,35.733038,139.776000,,,(03)3801-7091,,,,,1160014,1021001008236,株式会社　マミー・インターナショナル,月火水木金土日,8:30,22:00,12月29日から1月3日までは休館日,ふれあい館,可,有,無,有,有,有,有,無,有,無,有,無,有,有,有,有,有,可,無,有,,,,
131181,131181000041,荒川区,諏訪台ひろば館,スワダイヒロバカン,,,1305,,,131181,0007003,東京都荒川区西日暮里3丁目3-12,東京都,荒川区,西日暮里3丁目,3-12,,35.729497,139.767873,,,(03)3823-6097,,,,,1160013,7000020131181,荒川区,月火水木金土日,8:30,22:00,12月29日から1月3日までは休館日,ひろば館,否,無,無,無,有,有,無,無,無,無,有,無,有,無,無,無,無,可,無,無,,,,
131181,131181000042,荒川区,西日暮里ふれあい館,ニシニッポリフレアイカン,,,1403,,,131181,0007006,東京都荒川区西日暮里6丁目24-4,東京都,荒川区,西日暮里6丁目,24-4,,35.736272,139.770795,,,(03)3819-6945,,,,,1160013,8011505000633,学校法人　道灌山学園,月火水木金土日,8:30,22:00,12月29日から1月3日までは休館日,ふれあい館,可,有,無,有,有,有,有,無,有,無,有,無,有,有,有,無,有,可,無,有,,,,
131181,131181000043,荒川区,荒川区民会館,アラカワクミンカイカン,,サンパール荒川,1308,,,131181,0006001,東京都荒川区荒川1丁目1-1,東京都,荒川区,荒川1丁目,1-1,,35.734980,139.785503,,,(03)3806-6531,,,,,1160002,9010401130700,(株)ケイミックスパブリックビジネス,日～土,9:00,22:00,12/29～1/3は休館　工事等による臨時休館,文化・生涯学習施設,可,有,無,有,有,有,有,無,有,無,有,無,有,有,有,有,有,可,無,有,,,,
131181,131181000044,荒川区,町屋文化センター,マチヤブンカセンター,,,1511,,,131181,0006007,東京都荒川区荒川7丁目20-1,東京都,荒川区,荒川7丁目,20-1,,35.741814,139.782260,,,(03)3802-7111,,,,,1160002,7011505001608,公益財団法人 荒川区芸術文化振興財団,月火水木金土日,9:00,22:00,受付は20：00まで。年末年始（12月29日から同月31日まで・1月1日から同月3日まで）と保守点検日は終日利用不可。,文化・生涯学習施設,可,有,無,有,有,無,有,無,有,無,無,無,有,無,無,有,有,可,無,有,,,,
131181,131181000045,荒川区,荒川さつき会館,アラカワサツキカイカン,,荒川さつき会館,1309,,,131181,0006008,東京都荒川区荒川8丁目16-13,東京都,荒川区,荒川8丁目,16-13,,,,階数,2,(03)3802-2050,,,,,1160002,7000020131181,荒川区,年４回定期清掃、12/29～1/3を除く,9:00,22:00,,文化・生涯学習施設,可,有,無,有,有,有,有,無,無,無,有,無,有,無,無,有,有,可,無,有,,,,
131181,131181000046,荒川区,男女平等推進センター,ダンジョビョウドウスイシンセンター,,アクト21,1399,,,131181,0003005,東京都荒川区東尾久5丁目9-3,東京都,荒川区,東尾久5丁目,9-3,,35.748248,139.768918,,,(03)3809-2890,,,,,1160012,7000020131181,荒川区,定期清掃日(年4回)、年末年始を除き、年中無休,9:00,22:00,,文化・生涯学習施設,可,有,無,有,有,無,有,無,有,無,有,無,有,無,無,有,有,可,無,有,,,,
131181,131181000047,荒川区,荒川区ムーブ町屋,アラカワクムーブマチヤ,,,1308,,,131181,0006007,"東京都荒川区荒川7丁目50-9 センターまちや3階,4階",東京都,荒川区,荒川7丁目,50-9,"センターまちや3階,4階",35.742455,139.780797,階数,3; 4,(03)3819-7761,,,,,1160002,9120001079690,(株）コングレ,日～土,9:00,22:00,12/29～1/3は休館　工事等による臨時休館,文化・生涯学習施設,可,有,無,有,有,無,有,有,無,無,有,無,有,無,有,有,有,可,無,有,,,,オストメイトは複合施設内に有、飲食は会議室、スタジオ控室では、軽食程度であれば可
131181,131181000048,荒川区,日暮里サニーホール,ニッポリサニーホール,,,1308,,,131181,0005005,"東京都荒川区東日暮里5丁目50-5 アートホテルヨ暮里ラングウッド4階,5階",東京都,荒川区,東日暮里5丁目,50-5,"アートホテルヨ暮里ラングウッド 4階,5階",35.728002,139.772888,階数,4; 5,(03)3807-3211,,,,,1160014,9120001079690,(株）コングレ,日～土,9:00,22:00,12/29～1/3は休館　工事等による臨時休館,文化・生涯学習施設,可,有,無,有,有,無,有,有,無,無,有,無,有,無,無,有,有,可,無,有,,,,オストメイトは複合施設内に有、飲食は会議室での軽食、お茶程度は可。飲食を目的としての利用は不可）
131181,131181000049,荒川区,ゆいの森あらかわ,ユイノモリアラカワ,Arakawa City Public Library Chuo Library,中央図書館,1512,ISIL,JP-1001063,131181,0006002,東京都荒川区荒川2丁目50-1,東京都,荒川区,荒川2丁目,50-1,,35.739459,139.783800,,,(03)3891-4349,,,,X（旧Twitter）: https://x.com/arakawalib_yui,1160002,7000020131181,荒川区,全日（第3木曜日等休館日除く）,9:00,20:30,,図書館,可,有,無,有,有,有,有,有,有,有,有,無,有,有,有,有,有,可,有,有,,,,飲食：一部の座席で可
131181,131181000050,荒川区,吉村昭記念文学館,ヨシムラアキラキネンブンガクカン,,,1599,,,131181,0006002,"東京都荒川区荒川2丁目50-1 2階,3階",東京都,荒川区,荒川2丁目,50-1,"2階,3階",35.739459,139.783800,階数,2; 3,,,,,,1160002,7000020131181,荒川区,,,,,ゆいの森あらかわ内の文学館,,,,有,有,有,有,有,有,,,,,,有,有,有,,,,,,,ゆいの森あらかわの施設情報に準ずる
131181,131181000051,荒川区,ゆいの森子どもひろば,ユイノモリコドモヒロバ,,,1599,,,131181,0006002,東京都荒川区荒川2丁目50-1,東京都,荒川区,荒川2丁目,50-1,,35.739459,139.783800,階数,1,,,,,,1160002,7000020131181,荒川区,,,,,ゆいの森あらかわ内の子どもひろば,,,,有,有,有,有,有,有,,,,,,有,有,有,,,,,,,ゆいの森あらかわの施設情報に準ずる
131181,131181000052,荒川区,南千住図書館,アラカワクリツミナミセンジュトショカン,Arakawa City Public Library Minami-Senju Library,,1512,ISIL,JP-1001067,131181,0004006,東京都荒川区南千住6丁目63-1,東京都,荒川区,南千住6丁目,63-1,,35.737426,139.795410,,,(03)3807-9221,,,,,1160003,7000020131181,荒川区,火水木金土日,9:00,19:30,日曜、祝日は17時まで。休館日は月曜、第2木曜、年末年始、特別整理期間,図書館,可,有,無,有,有,無,有,無,有,有,有,無,有,有,無,有,有,可,無,有,,,,
131181,131181000053,荒川区,尾久図書館,アラカワクリツオグトショカン,Arakawa City Public Library Ogu Library,,1512,ISIL,JP-1001064,131181,0003008,東京都荒川区東尾久8丁目45-4,東京都,荒川区,東尾久8丁目,45-4,,35.750549,139.766271,,,(03)3800-5821,,,,,1160012,7000020131181,荒川区,火水木金土日,9:00,19:30,土、日曜、祝日は17時まで。休館日は月曜、第2木曜、年末年始、特別整理期間,図書館,可,有,無,有,有,有,有,無,有,有,有,無,有,有,有,有,有,可,無,有,,,,
131181,131181000054,荒川区,町屋図書館,アラカワクリツマチヤトショカン,Arakawa City Public Library Machiya Library,,1512,ISIL,JP-1001066,131181,0002005,東京都荒川区町屋5丁目11-18,東京都,荒川区,町屋5丁目,11-18,,35.751115,139.778824,,,(03)3892-9821,,,,,1160001,7000020131181,荒川区,火水木金土日,9:00,19:30,土、日曜、祝日は17時まで。休館日は月曜、第3木曜、年末年始、特別整理期間,図書館,可,有,無,有,無,無,無,無,無,有,有,無,有,無,有,有,有,可,無,有,,,,
131181,131181000055,荒川区,日暮里図書館,アラカワクリツニッポリトショカン,Arakawa City Public Library Nippori Library,,1512,ISIL,JP-1001065,131181,0005006,東京都荒川区東日暮里6丁目38-4,東京都,荒川区,東日暮里6丁目,38-4,,35.731179,139.775002,,,(03)3803-1645,,,,,1160014,7000020131181,荒川区,火水木金土日,9:00,19:30,土、日曜、祝日は17時まで。休館日は月曜、第3木曜、年末年始、特別整理期間,図書館,可,有,無,有,有,有,有,無,有,有,有,無,有,無,有,有,有,可,無,有,,,,
131181,131181000056,荒川区,汐入図書サービスステーション,アラカワクリツシオイリトショサービスステーション,ARAKAWAKURITSUSHIOIRITOSHOSABISUSUTESHON,汐入図書 SS,1512,ISIL,JP-1006145,131181,0004008,東京都荒川区南千住8丁目12-5 べるぽーと汐入東館1階 114,東京都,荒川区,南千住8丁目,12-5,べるぽーと汐入東館1階 114,35.737653,139.808026,階数,1,(03)3807-8130,,,,,1160003,7000020131181,荒川区,火水木金土日,9:30,19:30,土、日曜、祝日は17時まで。休館日は月曜、第2木曜、年末年始、特別整理期間,図書サービスステーション,可,有,無,無,無,無,無,無,無,無,有,無,有,無,無,無,無,可,無,有,,,,
131181,131181000057,荒川区,冠新道図書サービスステーション,アラカワクリツカンシンドウトショサービスステーション,ARAKAWAKURITSUKANSHINDOTOSHOSABISUSUTESHON,冠新道図書SS,1512,ISIL,JP-1006146,131181,0007006,東京都荒川区西日暮里6丁目25-14,東京都,荒川区,西日暮里6丁目,25-14,,35.736916,139.770704,,,(03)3800-3321,,,,,1160013,7000020131181,荒川区,火水木金土日,9:30,19:30,土、日曜、祝日は17時まで。休館日は月曜、第3木曜、年末年始、特別整理期間,図書サービスステーション,可,有,無,有,有,有,無,無,有,無,有,無,有,無,有,有,有,可,無,有,,,,
131181,131181000058,荒川区,生涯学習センター,ショウガイガクシュウセンター,,,1511,,,131181,0006003,東京都荒川区荒川3丁目49-1,東京都,荒川区,荒川3丁目,49-1,,35.734916,139.780166,,,(03)3802-2332,,,,,1160002,7000020131181,荒川区,日月火水木金土,9:00,22:00,,文化・生涯学習施設,可,無,無,有,有,有,有,無,無,無,有,無,無,無,有,有,有,可,無,有,,,,
131181,131181000059,荒川区,教育センター,キョウイクセンター,,,1599,,,131181,0006003,東京都荒川区荒川3丁目49-1,東京都,荒川区,荒川3丁目,49-1,,35.734916,139.780166,,,(03)3802-5720,,,,,1160002,7000020131181,荒川区,月火水木金,8:30,17:15,休業日：土曜・日曜・祝日・休日・年末年始（12月29日から翌年1月3日）。,教育施設,可,有,無,有,有,有,有,無,無,無,有,無,有,有,有,有,有,,,,,,,
131181,131181000060,荒川区,下田臨海学園,シモダリンカイガクエン,,,1599,,,222194,,静岡県下田市柿崎17-27,静岡県,下田市,柿崎,17-27,,34.676889,138.962751,,,(0558)22-0202,,,,,4150013,7000020131181,荒川区,全て(ただし11月～4月は閉園期間),0:00,0:00,24時間利用可能(宿泊施設),教育施設,可,有,無,有,無,無,無,無,無,無,無,無,無,無,無,無,無,可,無,無,,,,
131181,131181000061,荒川区,清里高原ロッジ・清里高原少年自然の家,キヨサトコウゲンロッジ・キヨサトコウゲンショウネンシゼンノイエ,,,2311,,,192091,,山梨県北杜市高根町清里3545-5,山梨県,北杜市,高根町清里,3545-5,,35.900933,138.430623,,,(0551)48-2295,,,,,4070301,3010001025934,株式会社ニッコクトラスト,月火水木金土日,14:00,10:00,開始時間はチェックイン時間で、終了時間はチェックアウト時間である。,郊外施設,可,無,無,有,無,無,無,無,無,無,無,無,無,無,無,無,無,可,無,有,,,,
131181,131181000062,荒川区,荒川総合スポーツセンター,アラカワソウゴウスポーツセンター,,,1110,,,131181,0004006,東京都荒川区南千住6丁目45-5,東京都,荒川区,南千住6丁目,45-5,,35.735866,139.791293,,,(03)3802-3901,,,,X（旧Twitter）: https://x.com/arakawasposen,1160003,3011201003564; 4010901008681,荒川スポーツマネジメント共同事業体（代表会社：株式会社東京アスレティッククラブ、構成企業：株式会社東急コミュニティー）,日・月・火・水・木・金・土,8:00,22:30,最終受付21:30,スポーツ施設,可,無,無,有,有,有,有,無,有,無,有,無,有,有,有,有,有,否,無,有,,,,
131181,131181000063,荒川区,あらかわ遊園,アラカワユウエン,ARAKAWA AMUSEMENT PARK,あらかわ遊園,1003,,,131181,0001006,東京都荒川区西尾久6丁目35-11,東京都,荒川区,西尾久6丁目,35-11,,35.753376,139.758039,,,(03)3893-6003,,,,X（旧Twitter）: https://x.com/arakawayuuen,1160011,7000020131181,荒川区,月水木金土日,9:00,17:00,休園日：火曜（祝日の場合は翌日）、年末年始（12月29日から1月1日まで）。学校の春休み・夏休み・冬休み期間は無休。　開園時間：夜間開園日（金曜・土曜・日曜・祝日・祝前日等）は20時まで営業。どうぶつ広場は10時から15時30分まで。,東京23区で唯一の区営遊園地で、観覧車等の大型遊具のほか、ヤギや小動物とふれ合えるどうぶつ広場、釣り堀、雨天時でも遊べる室内遊び場などがあり、小さなお子様から大人まで幅広い世代の方々にお楽しみいただける夢いっぱいの遊園地です。,可,有,無,有,有,有,有,無,有,有,有,無,有,有,有,有,有,可,有,有,,,,
131181,131181000064,荒川区,あらかわ遊園スポーツハウス,アラカワユウエンスポーツハウス,,,1110,,,131181,0001008,東京都荒川区西尾久8丁目3-1,東京都,荒川区,西尾久8丁目,3-1,,35.751885,139.757070,,,(03)3800-7333,,,,X（旧Twitter）: https://x.com/ArkwSportsHouse,1160011,7000020131181,荒川区,日・月・火・水・木・金・土,9:00,21:30,最終受付20:30,スポーツ施設,可,無,無,有,有,無,有,無,無,無,無,無,有,有,無,無,無,否,無,有,,,,令和7年3月末よりリニューアル工事に伴い休館となるため、工事前の情報を記載
131181,131181000065,荒川区,西新井橋野球場,ニシアライバシヤキュウジョウ,,,1103,,,131181,,東京都足立区千住元町36-7先,東京都,足立区,千住元町,36-7,先,,,,,(03)3888-9760,,,,,,7000020131181,荒川区,日・月・火・水・木・金・土・祝,4～9月　6:00、10・3月　7:00、11～2月　8:00,4～9月　18:00、10・3月　17:00、11～2月　16:00,休場日は年末年始12/29～1/3,スポーツ施設,否,無,無,有,無,無,無,無,無,無,無,無,無,無,無,無,無,否,無,無,,,,
131181,131181000066,荒川区,南千住野球場,ミナミセンジュヤキュウジョウ,,,1103,,,131181,0004006,東京都荒川区南千住6丁目45-6,東京都,荒川区,南千住6丁目,45-6,,35.736272,139.791067,,,(03)3802-3901,,,,,1160003,7000020131181,荒川区,日・月・火・水・木・金・土・祝,4～3月　9:00（日・祝のB面は7:00）,4～10月　20:45、11～2月　15:30、3月　17:30,休場日は年始1/1～1/3,スポーツ施設,否,無,無,無,無,無,無,無,無,無,無,無,無,有,無,無,無,否,無,無,,,,
131181,131181000067,荒川区,少年運動場,ショウネンウンドウジョウ,,,1106,,,131181,,東京都足立区小台1丁目22 地先,東京都,足立区,小台1丁目,22,地先,35.754325,139.773431,,,(03)3888-9760,,,,,,7000020131181,荒川区,日・月・火・水・木・金・土・祝,4～9月　6:00、10・3月　7:00、11～2月　8:00,4～9月　18:00、10・3月　17:00、11～2月　16:00,休場日は年末年始12/29～1/3,スポーツ施設,否,無,無,有,無,無,無,無,無,無,無,無,無,無,無,無,無,否,無,無,,,,
131181,131181000068,荒川区,東尾久運動場,ヒガシオグウンドウジョウ,,,1106,,,131181,0003007,東京都荒川区東尾久7丁目1-1,東京都,荒川区,東尾久7丁目,1-1,,35.752127,139.775132,,,(03)3819-8580,,,,,1160012,7000020131181,荒川区,日・月・火・水・木・金・土・祝,4～3月　9:00（庭球場の4～10月の土・日・祝　7:00、庭球場の11～12月の土・日・祝　8:00、小広場の4～12月の土・日・祝　7:00、多目的広場の土・日・祝　7:00）,4～9月　18:00、庭球場・小広場の10・3月及び多目的広場の10～3月　17:00、庭球場・小広場の11月～2月　16:00,休場日は年末年始12/29～1/3,スポーツ施設,否,無,無,有,有,有,無,無,有,無,無,無,無,有,無,無,無,否,無,無,,,,
131181,131181000069,荒川区,区民運動場,クミンウンドウジョウ,,,1106,,,131181,0001003,東京都荒川区西尾久3丁目14-3,東京都,荒川区,西尾久3丁目,14-3,,35.752746,139.764625,,,(03)3892-5856,,,,,1160011,7000020131181,荒川区,土・日・祝,土・日・祝　9:00,土・日・祝　17:00（5月～9月は1時間延長可）,休場日は平日、年末年始12/29～1/3、土日祝の学校行事及び授業公開日等,スポーツ施設,否,無,無,有,有,有,無,無,無,無,無,無,無,無,無,無,無,否,無,無,,,,
131181,131181000070,荒川区,あらかわ遊園運動場,アラカワユウエンウンドウジョウ,,,1106,,,131181,0001008,東京都荒川区西尾久8丁目1-2,東京都,荒川区,西尾久8丁目,1-2,,35.751244,139.757205,,,(03)3800-7333,,,,,1160011,7000020131181,荒川区,日・月・火・水・木・金・土・祝,9:00（日・祝　7:00）,20:00（日・祝　20:00）,休場日は年末年始12/29～1/3,スポーツ施設,否,無,無,無,無,無,無,無,無,無,無,無,無,無,無,無,無,否,無,無,,,,
131181,131181000071,荒川区,荒川ふるさと文化館,アラカワフルサトブンカカン,,,0801,,,131181,0004006,東京都荒川区南千住6丁目63-1,東京都,荒川区,南千住6丁目,63-1,,35.737426,139.795410,,,(03)3807-9234,,,,,1160003,7000020131181,荒川区,火水木金土日,9:00,17:00,入館は16:30まで。休館日は毎週月曜日（祝日、振替休日の場合はその翌日）・館内整理日（毎月第２木曜日）・１２月２９日～１月４日を含む年末年始・特別整理日,文化・生涯学習施設,可,有,無,有,有,無,有,無,有,無,有,有,有,有,無,有,有,可,有,有,,,,
131181,131181000072,荒川区,日暮里地域活性化施設,ニッポリチイキカッセイカシセツ,,ふらっとにっぽり,1306,,,131181,0005006,東京都荒川区東日暮里6丁目17-6,東京都,荒川区,東日暮里6丁目,17-6,,35.728949,139.777372,,,(03)3801-7301,,,,,1160014,7000020131181,荒川区,月火水木金土日,8:30,22:00,休業日：年末年始（12月29日から翌年1月3日）。設備点検等実施日（年5日程度）,地域活性化施設,可,有,無,有,有,無,有,無,有,無,有,無,有,有,有,有,有,可,無,有,,,,予約制の多目的スペースのほか、誰でも利用可能な観光等総合案内、休憩スペース、ベビーステーションを設置。創作工房、創業支援施設、日暮里区民事務所を併設している。
131181,131181000073,荒川区,三河島保育園,ミカワシマホイクエン,,,1402,,,131181,0006003,東京都荒川区荒川3丁目54-1,東京都,荒川区,荒川3丁目,54-1,,35.735561,139.780165,,,(03)3807-6781,,,,,1160002,7000020131181,荒川区,,,,,区立保育園,,,,無,無,無,無,無,,,,,,,,,,,,,,,,
131181,131181000074,荒川区,東尾久保育園,ヒガシオグホイクエン,,,1402,,,131181,0003002,東京都荒川区東尾久2丁目28-3,東京都,荒川区,東尾久2丁目,28-3,,35.741922,139.771859,,,(03)3895-0144,,,,,1160012,7000020131181,荒川区,,,,,区立保育園,,,,無,無,無,無,無,,,,,,,,,,,,,,,,
131181,131181000075,荒川区,第二南千住保育園,ダイニミナミセンジュホイクエン,,,1402,,,131181,0004002,東京都荒川区南千住2丁目21-6,東京都,荒川区,南千住2丁目,21-6,,35.730375,139.797425,,,(03)3801-7700,,,,,1160003,7000020131181,荒川区,,,,,区立保育園,,,,無,無,無,無,無,,,,,,,,,,,,,,,,
131181,131181000076,荒川区,荒川保育園,アラカワホイクエン,,,1402,,,131181,0006005,東京都荒川区荒川5丁目50-15,東京都,荒川区,荒川5丁目,50-15,,35.740159,139.774932,,,(03)3895-6922,,,,,1160002,7000020131181,荒川区,,,,,区立保育園,,,,無,無,無,無,無,,,,,,,,,,,,,,,,
131181,131181000077,荒川区,西日暮里保育園,ニシニッポリホイクエン,,,1402,,,131181,0007006,東京都荒川区西日暮里6丁目25-3,東京都,荒川区,西日暮里6丁目,25-3,,35.736686,139.770639,総数,1; 2,(03)3893-3801,,,,,1160013,7000020131181,荒川区,,,,,区立保育園,,,,無,無,無,無,無,,,,,,,,,,,,,,,,
131181,131181000078,荒川区,第二東日暮里保育園,ダイニヒガシニッポリホイクエン,,,1402,,,131181,0005001,東京都荒川区東日暮里1丁目17-21,東京都,荒川区,東日暮里1丁目,17-21,,35.730114,139.789446,,,(03)3807-6483,,,,,1160014,7000020131181,荒川区,,,,,区立保育園,,,,無,無,無,無,無,,,,,,,,,,,,,,,,
131181,131181000079,荒川区,熊野前保育園,クマノマエホイクエン,,,1402,,,131181,0003008,東京都荒川区東尾久8丁目23-9,東京都,荒川区,東尾久8丁目,23-9,,35.751775,139.769394,,,(03)3800-7135,,,,,1160012,7000020131181,荒川区,,,,,区立保育園,,,,無,無,無,無,無,,,,,,,,,,,,,,,,
131181,131181000080,荒川区,原保育園,ハラホイクエン,,,1402,,,131181,0002005,東京都荒川区町屋5丁目11-16,東京都,荒川区,町屋5丁目,11-16,,35.751115,139.778824,,,(03)3895-8781,,,,,1160001,7000020131181,荒川区,,,,,区立保育園,,,,無,無,無,無,無,,,,,,,,,,,,,,,,
131181,131181000081,荒川区,荒川さつき保育園,アラカワサツキホイクエン,,,1402,,,131181,0006008,東京都荒川区荒川8丁目25-4,東京都,荒川区,荒川8丁目,25-4,,35.737379,139.786138,,,(03)3891-4261,,,,,1160002,7000020131181,荒川区,,,,,区立保育園,,,,無,無,無,無,無,,,,,,,,,,,,,,,,
131181,131181000082,荒川区,西尾久みどり保育園,ニシオグミドリホイクエン,,,1402,,,131181,0001004,東京都荒川区西尾久4丁目6-19,東京都,荒川区,西尾久4丁目,6-19,,35.744239,139.761060,,,(03)3894-0491,,,,,1160011,7000020131181,荒川区,,,,,区立保育園,,,,無,無,無,無,無,,,,,,,,,,,,,,,,
131181,131181000083,荒川区,汐入こども園,シオイリコドモエン,,,1405,,,131181,0004008,東京都荒川区南千住8丁目9-3,東京都,荒川区,南千住8丁目,9-3,,35.738922,139.811606,,,(03)3801-7285,,,,,1160003,7000020131181,荒川区,,,,,区立子ども園,,,,有,有,無,有,無,,,,,,,,,,,,,,,,
131181,131181000084,荒川区,上尾久保育園,カミオグホイクエン,,,1402,,,131181,0001008,東京都荒川区西尾久8丁目10-12,東京都,荒川区,西尾久8丁目,10-12,,35.752413,139.756578,,,(03)3810-2421,,,,,1160011,1011505000664,社会福祉法人上智社会事業団,,,,,公設民営保育園,,,,無,無,無,無,無,,,,,,,,,,,,,,,,
131181,131181000085,荒川区,南千住さくら保育園,ミナミセンジュサクラホイクエン,,,1402,,,131181,0004004,東京都荒川区南千住4丁目9-4,東京都,荒川区,南千住4丁目,9-4,,35.736855,139.804571,,,(03)5604-3521,,,,,1160003,1011505000664,社会福祉法人上智社会事業団,,,,,公設民営保育園,,,,無,無,無,無,無,,,,,,,,,,,,,,,,
131181,131181000086,荒川区,汐入とちのき保育園,シオイリトチノキホイクエン,,,1402,,,131181,0004008,東京都荒川区南千住8丁目3-3,東京都,荒川区,南千住8丁目,3-3,,35.736035,139.805591,,,(03)5604-0510,,,,,1160003,2011505000663,社会福祉法人東京都福祉事業協会,,,,,公設民営保育園,,,,無,無,無,無,無,,,,,,,,,,,,,,,,
131181,131181000087,荒川区,はなみずき保育園,ハナミズキホイクエン,,,1402,,,131181,0004008,東京都荒川区南千住8丁目5-5,東京都,荒川区,南千住8丁目,5-5,,35.738396,139.807363,,,(03)3803-2583,,,,,1160003,3012401002141,株式会社こどもの森,,,,,公設民営保育園,,,,無,有,有,無,無,,,,,,,,,,,,,,,,
131181,131181000088,荒川区,南千住保育園,ミナミセンジュホイクエン,,,1402,,,131181,0004006,東京都荒川区南千住6丁目35-3,東京都,荒川区,南千住6丁目,35-3,,35.738197,139.791551,,,(03)3807-6620,,,,,1160003,1011505000664,社会福祉法人上智社会事業団,,,,,公設民営保育園,,,,有,有,有,有,無,,,,,,,,,,,,,,,,
131181,131181000089,荒川区,南千住七丁目保育園,ミナミセンジュナナチョウメホイクエン,,,1402,,,131181,0004007,東京都荒川区南千住7丁目20-13,東京都,荒川区,南千住7丁目,20-13,,35.738241,139.798723,,,(03)5615-0531,,,,,1160003,9030005010561,社会福祉法人東萌会,,,,,公設民営保育園,,,,有,有,有,有,無,,,,,,,,,,,,,,,,
131181,131181000090,荒川区,南千住第二幼稚園,ミナミセンジュダイニヨウチエン,,,1501,,,131181,0004008,東京都荒川区南千住8丁目2-1,東京都,荒川区,南千住8丁目,2-1,,35.734591,139.807035,,,(03)3891-5701,,,,,1160003,7000020131181,荒川区,,,,,区立幼稚園,,,,無,有,無,有,無,,,,,,,,,,,,,,,,
131181,131181000091,荒川区,町屋幼稚園,マチヤヨウチエン,,,1501,,,131181,0002008,東京都荒川区町屋8丁目19-8 第七峡田小学校内,東京都,荒川区,町屋8丁目,19-8,第七峡田小学校内,35.747793,139.787524,,,(03)3895-3571,,,,,1160001,7000020131181,荒川区,,,,,区立幼稚園,,,,無,無,無,無,無,,,,,,,,,,,,,,,,
131181,131181000092,荒川区,花の木幼稚園,ハナノキヨウチエン,,,1501,,,131181,0006005,東京都荒川区荒川5丁目41-4,東京都,荒川区,荒川5丁目,41-4,,35.739623,139.776724,,,(03)3892-8292,,,,,1160002,7000020131181,荒川区,,,,,区立幼稚園,,,,無,無,無,無,無,,,,,,,,,,,,,,,,
131181,131181000093,荒川区,尾久第二幼稚園,オグダイニヨウチエン,,,1501,,,131181,0001008,東京都荒川区西尾久8丁目26-9 尾久第六小学校内,東京都,荒川区,西尾久8丁目,26-9,尾久第六小学校内,35.751803,139.754547,,,(03)3800-1655,,,,,1160011,7000020131181,荒川区,,,,,区立幼稚園,,,,無,無,無,無,無,,,,,,,,,,,,,,,,
131181,131181000094,荒川区,日暮里幼稚園,ニッポリヨウチエン,,,1501,,,131181,0005006,東京都荒川区東日暮里6丁目49-21,東京都,荒川区,東日暮里6丁目,49-21,,35.730896,139.775168,,,(03)3807-1515,,,,,1160014,7000020131181,荒川区,,,,,区立幼稚園,,,,無,無,無,無,無,,,,,,,,,,,,,,,,
131181,131181000095,荒川区,瑞光小学校,ズイコウショウガッコウ,,,1503,,,131181,0004001,東京都荒川区南千住1丁目51-1,東京都,荒川区,南千住1丁目,51-1,,35.735029,139.791274,,,(03)3801-4239,,,,,1160003,7000020131181,荒川区,,,,,区立小学校,,,,有,無,無,無,無,,,,,,,,,,,,,,,,
131181,131181000096,荒川区,第二瑞光小学校,ダイニズイコウショウガッコウ,,,1503,,,131181,0004005,東京都荒川区南千住5丁目8-1,東京都,荒川区,南千住5丁目,8-1,,35.733713,139.794750,,,(03)3801-4700,,,,,1160003,7000020131181,荒川区,,,,,区立小学校,,,,無,無,無,無,無,,,,,,,,,,,,,,,,
131181,131181000097,荒川区,第三瑞光小学校,ダイサンズイコウショウガッコウ,,,1503,,,131181,0004007,東京都荒川区南千住7丁目9-1,東京都,荒川区,南千住7丁目,9-1,,35.735598,139.798702,,,(03)3801-5007,,,,,1160003,7000020131181,荒川区,,,,,区立小学校,,,,有,無,無,無,無,,,,,,,,,,,,,,,,
131181,131181000098,荒川区,汐入小学校,シオイリショウガッコウ,,,1503,,,131181,0004008,東京都荒川区南千住8丁目2-3,東京都,荒川区,南千住8丁目,2-3,,35.734672,139.807803,,,(03)3802-0089,,,,,1160003,7000020131181,荒川区,,,,,区立小学校,,,,有,有,無,有,無,,,,,,,,,,,,,,,,
131181,131181000099,荒川区,汐入東小学校,シオイリヒガシショウガッコウ,,,1503,,,131181,0004008,東京都荒川区南千住8丁目9-3,東京都,荒川区,南千住8丁目,9-3,,35.738922,139.811606,,,(03)3801-2722,,,,,1160003,7000020131181,荒川区,,,,,区立小学校,,,,有,有,無,有,無,,,,,,,,,,,,,,,,
131181,131181000100,荒川区,第六瑞光小学校,ダイロクズイコウショウガッコウ,,,1503,,,131181,0004001,東京都荒川区南千住1丁目4-11,東京都,荒川区,南千住1丁目,4-11,,35.733084,139.789152,,,(03)3891-5239,,,,,1160003,7000020131181,荒川区,,,,,区立小学校,,,,有,無,無,無,無,,,,,,,,,,,,,,,,
131181,131181000101,荒川区,峡田小学校,ハケタショウガッコウ,,,1503,,,131181,0006003,東京都荒川区荒川3丁目77-1,東京都,荒川区,荒川3丁目,77-1,,35.736355,139.777332,,,(03)3891-2051,,,,,1160002,7000020131181,荒川区,,,,,区立小学校,,,,有,有,無,有,無,,,,,,,,,,,,,,,,
131181,131181000102,荒川区,第二峡田小学校,ダイニハケタショウガッコウ,,,1503,,,131181,0006002,東京都荒川区荒川2丁目30-1,東京都,荒川区,荒川2丁目,30-1,,35.738388,139.782813,,,(03)3801-2002,,,,,1160002,7000020131181,荒川区,,,,,区立小学校,,,,有,無,無,無,無,,,,,,,,,,,,,,,,
131181,131181000103,荒川区,第三峡田小学校,ダイサンハケタショウガッコウ,,,1503,,,131181,0006001,東京都荒川区荒川1丁目43-1,東京都,荒川区,荒川1丁目,43-1,,35.733288,139.786073,,,(03)3891-0756,,,,,1160002,7000020131181,荒川区,,,,,区立小学校,,,,無,無,無,無,無,,,,,,,,,,,,,,,,
131181,131181000104,荒川区,第四峡田小学校,ダイシハケタショウガッコウ,,,1503,,,131181,0002002,東京都荒川区町屋2丁目11-6,東京都,荒川区,町屋2丁目,11-6,,35.744617,139.780137,,,(03)3895-6864,,,,,1160001,7000020131181,荒川区,,,,,区立小学校,,,,有,無,無,無,無,,,,,,,,,,,,,,,,
131181,131181000105,荒川区,第五峡田小学校,ダイゴハケタショウガッコウ,,,1503,,,131181,0002003,東京都荒川区町屋3丁目17-24,東京都,荒川区,町屋3丁目,17-24,,35.747769,139.781583,,,(03)3892-9515,,,,,1160001,7000020131181,荒川区,,,,,区立小学校,,,,有,無,無,無,無,,,,,,,,,,,,,,,,
131181,131181000106,荒川区,第七峡田小学校,ダイシチハケタショウガッコウ,,,1503,,,131181,0002008,東京都荒川区町屋8丁目19-12,東京都,荒川区,町屋8丁目,19-12,,35.747793,139.787524,,,(03)3895-0805,,,,,1160001,7000020131181,荒川区,,,,,区立小学校,,,,無,無,無,無,無,,,,,,,,,,,,,,,,
131181,131181000107,荒川区,第九峡田小学校,ダイクハケタショウガッコウ,,,1503,,,131181,0006006,東京都荒川区荒川6丁目8-1,東京都,荒川区,荒川6丁目,8-1,,35.742454,139.779515,,,(03)3895-3175,,,,,1160002,7000020131181,荒川区,,,,,区立小学校,,,,有,無,無,無,無,,,,,,,,,,,,,,,,
131181,131181000108,荒川区,尾久小学校,オグショウガッコウ,,,1503,,,131181,0003005,東京都荒川区東尾久5丁目6-7,東京都,荒川区,東尾久5丁目,6-7,,35.747470,139.769077,,,(03)3893-7894,,,,,1160012,7000020131181,荒川区,,,,,区立小学校,,,,有,無,無,無,無,,,,,,,,,,,,,,,,
131181,131181000109,荒川区,尾久西小学校,オグニシショウガッコウ,,,1503,,,131181,0001005,東京都荒川区西尾久5丁目27-12,東京都,荒川区,西尾久5丁目,27-12,,35.749776,139.758455,,,(03)3893-8890,,,,,1160011,7000020131181,荒川区,,,,,区立小学校,,,,無,無,無,無,無,,,,,,,,,,,,,,,,
131181,131181000110,荒川区,尾久第六小学校,オグダイロクショウガッコウ,,,1503,,,131181,0001008,東京都荒川区西尾久8丁目26-9,東京都,荒川区,西尾久8丁目,26-9,,35.751803,139.754547,,,(03)3893-7268,,,,,1160011,7000020131181,荒川区,,,,,区立小学校,,,,有,有,無,有,無,,,,,,,,,,,,,,,,
131181,131181000111,荒川区,赤土小学校,アカドショウガッコウ,,,1503,,,131181,0003002,東京都荒川区東尾久2丁目43-9,東京都,荒川区,東尾久2丁目,43-9,,35.743206,139.769655,,,(03)3892-9302,,,,,1160012,7000020131181,荒川区,,,,,区立小学校,,,,有,無,無,無,無,,,,,,,,,,,,,,,,
131181,131181000112,荒川区,大門小学校,ダイモンショウガッコウ,,,1503,,,131181,0002004,東京都荒川区町屋4丁目27-8,東京都,荒川区,町屋4丁目,27-8,,35.748792,139.776749,,,(03)3895-7308,,,,,1160001,7000020131181,荒川区,,,,,区立小学校,,,,有,無,無,無,無,,,,,,,,,,,,,,,,
131181,131181000113,荒川区,第一日暮里小学校,ダイイチニッポリショウガッコウ,,,1503,,,131181,0007003,東京都荒川区西日暮里3丁目7-15,東京都,荒川区,西日暮里3丁目,7-15,,35.730296,139.765773,,,(03)3828-5477,,,,,1160013,7000020131181,荒川区,,,,,区立小学校,,,,有,無,無,無,無,,,,,,,,,,,,,,,,
131181,131181000114,荒川区,尾久宮前小学校,オグミヤマエショウガッコウ,,,1503,,,131181,0001001,東京都荒川区西尾久1丁目4-17,東京都,荒川区,西尾久1丁目,4-17,,35.746132,139.764587,,,(03)3893-3536,,,,,1160011,7000020131181,荒川区,,,,,区立小学校,,,,有,無,無,無,無,,,,,,,,,,,,,,,,
131181,131181000115,荒川区,第二日暮里小学校,ダイニニッポリショウガッコウ,,,1503,,,131181,0005005,東京都荒川区東日暮里5丁目2-1,東京都,荒川区,東日暮里5丁目,2-1,,35.728424,139.778238,,,(03)3891-3416,,,,,1160014,7000020131181,荒川区,,,,,区立小学校,,,,有,無,無,無,無,,,,,,,,,,,,,,,,
131181,131181000116,荒川区,第三日暮里小学校,ダイサンニッポリショウガッコウ,,,1503,,,131181,0005003,東京都荒川区東日暮里3丁目10-17,東京都,荒川区,東日暮里3丁目,10-17,,35.728882,139.781391,,,(03)3891-6307,,,,,1160014,7000020131181,荒川区,,,,,区立小学校,,,,有,無,無,無,無,,,,,,,,,,,,,,,,
131181,131181000117,荒川区,第六日暮里小学校,ダイロクニッポリショウガッコウ,,,1503,,,131181,0007006,東京都荒川区西日暮里6丁目35-16,東京都,荒川区,西日暮里6丁目,35-16,,35.735402,139.769565,,,(03)3894-6750,,,,,1160013,7000020131181,荒川区,,,,,区立小学校,,,,有,無,無,無,無,,,,,,,,,,,,,,,,
131181,131181000118,荒川区,ひぐらし小学校,ヒグラシショウガッコウ,,,1503,,,131181,0007002,東京都荒川区西日暮里2丁目32-5,東京都,荒川区,西日暮里2丁目,32-5,,35.731374,139.772491,,,(03)3801-7280,,,,,1160013,7000020131181,荒川区,,,,,区立小学校,,,,無,無,無,無,無,,,,,,,,,,,,,,,,
131181,131181000119,荒川区,南千住六丁目学童クラブ,ミナミセンジュロクチョウメガクドウクラブ,,,1404,,,131181,0004006,東京都荒川区南千住6丁目68-7,東京都,荒川区,南千住6丁目,68-7,,35.739120,139.794839,,,(03)3801-7050,,,,,1160003,7000020131181,荒川区,月火水木金土,9:00,18:00,土曜日は17:00まで、延長利用あり,学童クラブ,可,無,無,有,有,有,有,無,無,無,無,無,有,無,有,無,無,可,無,無,,,,飲食は、弁当・おやつ
131181,131181000120,荒川区,二日小学童クラブ,ニニチショウガクドウクラブ,,,1404,,,131181,0005006,東京都荒川区東日暮里6丁目19-12,東京都,荒川区,東日暮里6丁目,19-12,,35.729811,139.776761,,,(03)3891-5971,,,,,1160014,7000020131181,荒川区,月火水木金土,9:00,18:00,土曜日は17:00まで、延長利用あり,学童クラブ,可,無,無,有,有,有,有,無,無,無,無,無,有,有,有,無,無,可,無,無,,,,飲食は、弁当・おやつ
131181,131181000121,荒川区,ひぐらし小学童クラブ,ヒグラシショウガクドウクラブ,,,1404,,,131181,0007002,東京都荒川区西日暮里2丁目10-9 ひぐらし小学校敷地内,東京都,荒川区,西日暮里2丁目,32-25,ひぐらし小学校敷地内,35.731837,139.772306,,,(03)3807-4721,,,,,1160013,7000020131181,荒川区,月火水木金土,9:00,18:00,土曜日は17:00まで、延長利用あり,学童クラブ,可,無,無,有,有,有,有,無,無,無,無,無,有,無,有,無,無,可,無,無,,,,飲食は、弁当・おやつ
131181,131181000122,荒川区,第一中学校,ダイイチチュウガッコウ,,,1504,,,131181,0006001,東京都荒川区荒川1丁目30-1,東京都,荒川区,荒川1丁目,30-1,,35.734737,139.787860,,,(03)3891-8354,,,,,1160002,7000020131181,荒川区,,,,,区立中学校,,,,有,無,無,無,無,,,,,,,,,,,,,,,,
131181,131181000123,荒川区,第三中学校,ダイサンチュウガッコウ,,,1504,,,131181,0004008,東京都荒川区南千住8丁目10-1,東京都,荒川区,南千住8丁目,10-1,,35.737952,139.811418,,,(03)3801-5808,,,,,1160003,7000020131181,荒川区,,,,,区立中学校,,,,有,有,無,有,無,,,,,,,,,,,,,,,,
131181,131181000124,荒川区,第四中学校,ダイヨンチュウガッコウ,,,1504,,,131181,0006006,東京都荒川区荒川6丁目57-1,東京都,荒川区,荒川6丁目,57-1,,35.741249,139.775594,,,(03)3895-7334,,,,,1160002,7000020131181,荒川区,,,,,区立中学校,,,,有,無,無,無,無,,,,,,,,,,,,,,,,
131181,131181000125,荒川区,第五中学校,ダイゴチュウガッコウ,,,1504,,,131181,0002001,東京都荒川区町屋1丁目37-16,東京都,荒川区,町屋1丁目,37-16,,35.744445,139.787244,,,(03)3895-1283,,,,,1160001,7000020131181,荒川区,,,,,区立中学校,,,,無,無,無,無,無,,,,,,,,,,,,,,,,
131181,131181000126,荒川区,第七中学校,ダイシチチュウガッコウ,,,1504,,,131181,0001004,東京都荒川区西尾久4丁目30-28,東京都,荒川区,西尾久4丁目,30-28,,35.746268,139.758415,,,(03)3894-6623,,,,,1160011,7000020131181,荒川区,,,,,区立中学校,,,,有,無,無,無,無,,,,,,,,,,,,,,,,
131181,131181000127,荒川区,第九中学校,ダイキュウチュウガッコウ,,,1504,,,131181,0003002,東京都荒川区東尾久2丁目23-5,東京都,荒川区,東尾久2丁目,23-5,,35.743282,139.772744,,,(03)3892-7834,,,,,1160012,7000020131181,荒川区,,,,,区立中学校,,,,有,無,無,無,無,,,,,,,,,,,,,,,,
131181,131181000128,荒川区,尾久八幡中学校,オグハチマンチュウガッコウ,,,1504,,,131181,0001003,東京都荒川区西尾久3丁目14-1,東京都,荒川区,西尾久3丁目,14-1,,35.753198,139.763861,,,(03)3893-7776,,,,,1160011,7000020131181,荒川区,,,,,区立中学校,,,,有,有,無,有,無,,,,,,,,,,,,,,,,
131181,131181000129,荒川区,南千住第二中学校,ミナミセンジュダイニチュウガッコウ,,,1504,,,131181,0004007,東京都荒川区南千住7丁目25-1,東京都,荒川区,南千住7丁目,25-1,,35.736180,139.799671,,,(03)3891-8532,,,,,1160003,7000020131181,荒川区,,,,,区立中学校,,,,有,有,無,有,無,,,,,,,,,,,,,,,,
131181,131181000130,荒川区,原中学校,ハラチュウガッコウ,,,1504,,,131181,0002005,東京都荒川区町屋5丁目12-6,東京都,荒川区,町屋5丁目,12-6,,35.751104,139.779409,,,(03)3895-6495,,,,,1160001,7000020131181,荒川区,,,,,区立中学校,,,,有,有,無,有,無,,,,,,,,,,,,,,,,
131181,131181000131,荒川区,諏訪台中学校,スワダイチュウガッコウ,,,1504,,,131181,0007002,東京都荒川区西日暮里2丁目36-8,東京都,荒川区,西日暮里2丁目,36-8,,35.732552,139.771740,,,(03)3891-6115,,,,,1160013,7000020131181,荒川区,,,,,区立中学校,,,,有,有,無,有,無,,,,,,,,,,,,,,,,第二校庭：東日暮里六丁目47番7号
131181,131181000132,荒川区,荒川老人福祉センター,アラカワロウジンフクシセンター,,,1499,,,131181,0006001,東京都荒川区荒川1丁目34-6,東京都,荒川区,荒川1丁目,34-6,,35.734251,139.786915,,,(03)3802-1666,,,,,1160002,9010905000820,社会福祉法人　奉優会,月-土,9:00,17:00,,福祉関連施設,可,無,無,無,有,有,有,無,無,無,無,無,無,無,無,無,無,無,無,無,,,,
131181,131181000133,荒川区,荒川授産場,アラカワジュサンジョウ,,いきいきワーク荒川,1499,,,131181,0003004,東京都荒川区東尾久4丁目32-7,東京都,荒川区,東尾久4丁目,32-7,,35.744624,139.766876,,,(03)3800-2741,,,,,1160012,9011505001507,荒川区シルバー人材センター,月火水木金,9:00,16:00,,福祉関連施設,可,無,無,有,有,有,有,,無,有,有,,有,無,,,,,,,,,,
131181,131181000134,荒川区,特別養護老人ホームグリーンハイム荒川,トクベツヨウゴロウジンホームグリーンハイムアラカワ,,,1408,,,131181,0004006,東京都荒川区南千住6丁目36-5,東京都,荒川区,南千住6丁目,36-5,,35.738566,139.791272,,,(03)3802-7561,,,,,1160003,8011805000878,社会福祉法人　聖風会,,,,,区立特別養護老人ホーム,可,無,無,無,有,有,有,無,無,無,無,無,無,無,無,無,無,無,無,無,,,,
131181,131181000135,荒川区,特別養護老人ホームサンハイム荒川,トクベツヨウゴロウジンホームサンハイムアラカワ,,,1408,,,131181,0004003,東京都荒川区南千住3丁目14-7,東京都,荒川区,南千住3丁目,14-7,,35.730326,139.803092,,,(03)3805-7525,,,,,1160003,4010605001784,社会福祉法人　カメリア会,,,,,区立特別養護老人ホーム,可,無,無,無,有,有,有,無,無,無,無,無,無,無,無,無,無,無,無,無,,,,
131181,131181000136,荒川区,特別養護老人ホーム花の木ハイム荒川,トクベツヨウゴロウジンホームハナノキハイムアラカワ,,,1408,,,131181,0006005,東京都荒川区荒川5丁目47-2,東京都,荒川区,荒川5丁目,47-2,,35.739772,139.776184,,,(03)5855-3321,,,,,1160002,9010905000820,社会福祉法人　奉優会,,,,,区立特別養護老人ホーム,可,無,無,無,有,有,有,無,無,無,無,無,無,無,無,無,無,無,無,無,,,,
131181,131181000137,荒川区,南千住中部在宅高齢者通所サービスセンター,ミナミセンジュチュウブザイタクコウレイシャツウショサービスセンター,,,1409,,,131181,0004004,東京都荒川区南千住4丁目9-6,東京都,荒川区,南千住4丁目,9-6,,35.736107,139.804367,,,(03)5604-0065,,,,,1160003,4010605001784,社会福祉法人　カメリア会,月-土,,,,高齢者通所サービスセンター,可,無,無,無,有,有,有,無,無,無,無,無,無,無,無,無,無,無,無,無,,,,
131181,131181000138,荒川区,荒川東部在宅高齢者通所サービスセンター,アラカワトウブザイタクコウレイシャツウショサービスセンター,,,1409,,,131181,0006001,東京都荒川区荒川1丁目34-6,東京都,荒川区,荒川1丁目,34-6,,35.734251,139.786915,,,(03)3805-5200,,,,,1160002,9010905000820,社会福祉法人　奉優会,月-土,,,,高齢者通所サービスセンター,可,無,無,無,有,有,有,無,無,無,無,無,無,無,無,無,無,無,無,無,,,,
131181,131181000139,荒川区,花の木ハイム荒川在宅高齢者通所サービスセンター,ハナノキハイムアラカワザイタクコウレイシャツウショサービスセンター,,,1409,,,131181,0006005,東京都荒川区荒川5丁目47-2,東京都,荒川区,荒川5丁目,47-2,,35.739772,139.776184,,,(03)5855-3322,,,,,1160002,9010905000820,社会福祉法人　奉優会,月-金,,,,高齢者通所サービスセンター,可,無,無,無,有,有,有,無,無,無,無,無,無,無,無,無,無,無,無,無,,,,
131181,131181000140,荒川区,東日暮里在宅高齢者通所サービスセンター,ヒガシニッポリザイタクコウレイシャツウショサービスセンター,,,1409,,,131181,0005003,東京都荒川区東日暮里3丁目8-16,東京都,荒川区,東日暮里3丁目,8-16,,35.729558,139.782482,,,(03)3805-6121,,,,,1160014,9010905000820,社会福祉法人　奉優会,月-土,,,,高齢者通所サービスセンター,可,無,無,無,有,有,有,無,無,無,無,無,無,無,無,無,無,無,無,無,,,,
131181,131181000141,荒川区,南千住東部地域包括支援センター,ミナミセンジュトウブチイキホウカツシエンセンター,,,1499,,,131181,0004004,東京都荒川区南千住4丁目9-6,東京都,荒川区,南千住4丁目,9-6,,35.736107,139.804367,,,(03)3805-5702,,,,,1160003,7000020131181,荒川区,月火水木金土,9:00,17:00,,地域包括支援センター,可,有,無,有,有,無,有,無,無,無,有,無,有,無,無,無,無,可,無,有,,,,
131181,131181000142,荒川区,南千住西部地域包括支援センター,ミナミセンジュセイブチイキホウカツシエンセンター,,,1499,,,131181,0004001,東京都荒川区南千住1丁目10-1,東京都,荒川区,南千住1丁目,10-1,,35.732420,139.790898,,,(03)5604-5710,,,,,1160003,7000020131181,荒川区,月火水木金土,9:00,17:00,,地域包括支援センター,可,無,無,無,有,有,無,無,無,無,有,無,有,無,無,無,無,否,無,有,,,,
131181,131181000143,荒川区,荒川地域包括支援センター,アラカワチイキホウカツシエンセンター,,,1499,,,131181,0006005,東京都荒川区荒川5丁目47-2 花の木ハイム荒川内,東京都,荒川区,荒川5丁目,47-2 ,花の木ハイム荒川内,35.739772,139.776184,,,(03)5855-3323,,,,,1160002,7000020131181,荒川区,月火水木金土,9:00,17:00,,地域包括支援センター,可,有,有,有,有,有,有,無,無,無,有,無,有,無,無,無,無,否,無,有,,,,
131181,131181000144,荒川区,町屋地域包括支援センター,マチヤチイキホウカツシエンセンター,,,1499,,,131181,0002007,東京都荒川区町屋7丁目10-6 さくら館内,東京都,荒川区,町屋7丁目,10-6 ,さくら館内,35.749306,139.786813,,,(03)3894-3568,,,,,1160001,7000020131181,荒川区,月火水木金土,9:00,17:00,,地域包括支援センター,可,無,無,有,有,有,無,無,無,無,有,無,有,無,無,無,無,否,無,無,,,,
131181,131181000145,荒川区,東尾久地域包括支援センター,ヒガシオグチイキホウカツシエンセンター,,,1499,,,131181,0003003,東京都荒川区東尾久3丁目31-8 101,東京都,荒川区,東尾久3丁目,31-8,101,35.747467,139.769951,階数,1,(03)5855-8513,,,,,1160012,7000020131181,荒川区,月火水木金土,9:00,17:00,,地域包括支援センター,可,有,無,有,無,無,無,無,無,無,有,無,有,無,無,無,無,否,無,無,,,,
131181,131181000146,荒川区,西尾久地域包括支援センター,ニシオグチイキホウカツシエンセンター,,,1499,,,131181,0001001,東京都荒川区西尾久1丁目32-8,東京都,荒川区,西尾久1丁目,32-8,,35.747187,139.761782,,,(03)3893-3555,,,,,1160011,7000020131181,荒川区,月火水木金土,9:00,17:00,,地域包括支援センター,可,有,無,無,無,無,無,無,無,有,有,無,有,無,無,無,無,否,無,無,,,,
131181,131181000147,荒川区,東日暮里地域包括支援センター,ヒガシニッポリチイキホウカツシエンセンター,,,1499,,,131181,0005003,東京都荒川区東日暮里3丁目8-16 1階,東京都,荒川区,東日暮里3丁目,8-16,1階,35.729558,139.782482,階数,1,(03)5615-3171,,,,,1160014,7000020131181,荒川区,月火水木金土,9:00,17:00,,地域包括支援センター,可,有,無,無,無,無,無,無,無,無,有,無,有,無,無,無,無,否,無,有,,,,
131181,131181000148,荒川区,西日暮里地域包括支援センター,ニシニッポリチイキホウカツシエンセンター,,,1499,,,131181,0007001,東京都荒川区西日暮里1丁目49-10　1階,東京都,荒川区,西日暮里1丁目,49-10,エクセルシア1階,35.732999,139.767159,階数,1,(03)3807-3828,,,,,1160013,7000020131181,荒川区,月火水木金土,9:00,17:00,,地域包括支援センター,可,有,無,無,無,無,無,無,無,無,有,無,有,無,無,無,無,可,無,無,,,,
131181,131181000149,荒川区,南千住東部高齢者みまもりステーション,ミナミセンジュトウブコウレイシャミマモリステーション,,,1499,,,131181,0004004,東京都荒川区南千住4丁目9-6,東京都,荒川区,南千住4丁目,9-6,,35.736107,139.804367,,,(03)3805-5705,,,,,1160003,7000020131181,荒川区,月火水木金,9:00,17:00,,みまもりステーション,可,有,無,有,有,無,有,無,無,無,有,無,有,無,無,無,無,可,無,有,,,,
131181,131181000150,荒川区,南千住西部高齢者みまもりステーション,ミナミセンジュセイブコウレイシャミマモリステーション,,,1499,,,131181,0004001,東京都荒川区南千住1丁目10-1,東京都,荒川区,南千住1丁目,10-1,,35.732420,139.790898,,,(03)5604-5760,,,,,1160003,7000020131181,荒川区,月火水木金,9:00,17:00,,みまもりステーション,可,無,無,無,有,有,無,無,無,無,有,無,有,無,無,無,無,否,無,有,,,,
131181,131181000151,荒川区,荒川高齢者みまもりステーション,アラカワコウレイシャミマモリステーション,,,1499,,,131181,0006005,東京都荒川区荒川5丁目47-2 花の木ハイム荒川内,東京都,荒川区,荒川5丁目,47-2 ,花の木ハイム荒川内,35.739772,139.776184,,,(03)5855-0324,,,,,1160002,7000020131181,荒川区,月火水木金,9:00,17:00,,みまもりステーション,可,有,有,有,有,有,有,無,無,無,有,無,有,無,無,無,無,否,無,有,,,,
131181,131181000152,荒川区,町屋高齢者みまもりステーション,マチヤコウレイシャミマモリステーション,,,1499,,,131181,0002007,東京都荒川区町屋7丁目10-6 さくら館内,東京都,荒川区,町屋7丁目,10-6 ,さくら館内,35.749306,139.786813,,,(03)5855-6407,,,,,1160001,7000020131181,荒川区,月火水木金,9:00,17:00,,みまもりステーション,可,無,無,有,有,有,無,無,無,無,有,無,有,無,無,無,無,否,無,無,,,,
131181,131181000153,荒川区,東尾久高齢者みまもりステーション,ヒガシオグコウレイシャミマモリステーション,,,1499,,,131181,0003003,東京都荒川区東尾久3丁目31-8 101,東京都,荒川区,東尾久3丁目,31-8,101,35.747467,139.769951,階数,1,(03)5855-8514,,,,,1160012,7000020131181,荒川区,月火水木金,9:00,17:00,,みまもりステーション,可,有,無,有,無,無,無,無,無,無,有,無,有,無,無,無,無,否,無,無,,,,
131181,131181000154,荒川区,西尾久高齢者みまもりステーション,ニシオグコウレイシャミマモリステーション,,,1499,,,131181,0001001,東京都荒川区西尾久1丁目32-8,東京都,荒川区,西尾久1丁目,32-8,,35.747187,139.761782,,,(03)3893-3550,,,,,1160011,7000020131181,荒川区,月火水木金,9:00,17:00,,みまもりステーション,可,有,無,無,無,無,無,無,無,有,有,無,有,無,無,無,無,否,無,無,,,,
131181,131181000155,荒川区,東日暮里高齢者みまもりステーション,ヒガシニッポリコウレイシャミマモリステーション,,,1499,,,131181,0005003,東京都荒川区東日暮里3丁目8-16 1階,東京都,荒川区,東日暮里3丁目,8-16,1階,35.729558,139.782482,階数,1,(03)5615-3172,,,,,1160014,7000020131181,荒川区,月火水木金,9:00,17:00,,みまもりステーション,可,有,無,無,無,無,無,無,無,無,有,無,有,無,無,無,無,否,無,有,,,,
131181,131181000156,荒川区,西日暮里高齢者みまもりステーション,ニシニッポリコウレイシャミマモリステーション,,,1499,,,131181,0007001,東京都荒川区西日暮里1丁目49-10　1階,東京都,荒川区,西日暮里1丁目,49-10,エクセルシア1階,35.732999,139.767159,階数,1,(03)3807-3839,,,,,1160013,7000020131181,荒川区,月火水木金,9:00,17:00,,みまもりステーション,可,有,無,無,無,無,無,無,無,無,有,無,有,無,無,無,無,可,無,無,,,,
131181,131181000157,荒川区,障害者福祉会館,ショウガイシャフクシカイカン,,アクロスあらかわ,1499,,,131181,0006002,東京都荒川区荒川2丁目57-8,東京都,荒川区,荒川2丁目,57-8,,35.740550,139.783290,,,(03)3803-6221,,,,,1160002,1011505000656,社会福祉法人　荒川区社会福祉協議会,月・火・水・木・金・土・日,9:00,22:00,,福祉関連施設,可,有,無,有,有,無,有,無,有,有,有,無,有,無,有,無,有,可,無,有,,,,
131181,131181000158,荒川区,心身障害者福祉センター,シンシンショウガイシャフクシセンター,,荒川たんぽぽセンター,1499,,,131181,0006001,東京都荒川区荒川1丁目53-20,東京都,荒川区,荒川1丁目,53-20,,35.733016,139.784481,階数,1,(03)3891-6824,,,,,1160002,7000020131181,荒川区,月・火・水・木・金,8:30,17:15,,福祉関連施設,否,無,無,有,有,有,有,無,有,無,無,無,無,有,無,無,無,否,無,無,,,,
131181,131181000159,荒川区,荒川福祉作業所,アラカワフクシサギョウショ,,,1499,,,131181,0006001,東京都荒川区荒川1丁目53-9,東京都,荒川区,荒川1丁目,53-9,,35.732953,139.785018,,,(03)3807-3442,,,,,1160002,1011505000656,社会福祉法人　荒川区社会福祉協議会,月・火・水・木・金,9:00,16:00,,福祉関連施設,可,無,無,有,有,無,有,無,無,無,無,無,無,無,無,無,無,可,無,無,,,,
131181,131181000160,荒川区,荒川生活実習所,アラカワセイカツジッシュウジョ,,,1499,,,131181,0006001,東京都荒川区荒川1丁目53-9,東京都,荒川区,荒川1丁目,53-9,,35.732953,139.785018,,,(03)3891-6915,,,,,1160002,1011505000656,社会福祉法人　荒川区社会福祉協議会,月・火・水・木・金,9:30,15:30,,福祉関連施設,可,無,無,有,有,無,有,無,無,無,無,無,無,無,無,無,無,可,無,無,,,,
131181,131181000161,荒川区,尾久生活実習所,オグセイカツジッシュウジョ,,あらかわ希望の家,1499,,,131181,0001006,東京都荒川区西尾久6丁目17-3,東京都,荒川区,西尾久6丁目,17-3,,35.751590,139.759212,,,(03)3894-2263,,,,,1160011,1011505000656,社会福祉法人　荒川区社会福祉協議会,月・火・水・木・金,9:30,15:30,,福祉関連施設,可,有,無,有,有,無,有,無,無,無,無,無,有,無,無,無,無,可,無,無,,,,
131181,131181000162,荒川区,尾久生活実習所分場,オグセイカツジッシュウジョブンジョウ,,あらかわ希望の分場,1499,,,131181,0001004,東京都荒川区西尾久4丁目6-4,東京都,荒川区,西尾久4丁目,6-4,,35.744159,139.761297,,,(03)5901-3207,,,,,1160011,1011505000656,社会福祉法人　荒川区社会福祉協議会,月・火・水・木・金,9:30,15:30,,福祉関連施設,可,有,無,有,有,有,無,無,無,無,無,無,有,無,無,無,無,可,無,無,,,,
131181,131181000163,荒川区,荒川区精神障害者・地域生活支援センター,アラカワクセイシンショウガイシャチイキセイカツシエンセンター,,支援センターアゼリア,1499,,,131181,0003005,東京都荒川区東尾久5丁目45-11,東京都,荒川区,東尾久5丁目,45-11,,35.748684,139.766375,,,(03)3819-3113,,,,,1160012,1011505000945,社会福祉法人　トラムあらかわ,月・火・水・木・金・土・日,9:00,19:00,,福祉関連施設,可,無,無,無,有,有,無,無,無,有,無,無,有,無,無,無,無,有,無,有,,,,
131181,131181000164,荒川区,障害者基幹相談支援センター,ショウガイシャキカンソウダンシエンセンタ,,,1499,,,131181,0006001,東京都荒川区荒川1丁目53-20 2階,東京都,荒川区,荒川1丁目,53-20,2階,35.733016,139.784481,階数,2,(03)3801-8060,,,,,1160002,7000020131181,荒川区,月・火・水・木・金,8:30,17:15,,福祉関連施設,可,無,無,有,有,有,有,無,有,有,無,無,有,有,無,無,無,有,無,有,,,,
131181,131181000165,荒川区,精神障がい者相談支援事業所,セイシンショウガイシャソウダンシエンジギョウショ,,コンパス,1499,,,131181,0005001,東京都荒川区東日暮里1丁目17-12 1階,東京都,荒川区,東日暮里1丁目,17-12,1階,35.729694,139.790246,階数,1,(03)6806-5322,,,,,1160014,7000020131181,荒川区,月・火・水・木・金,8:30,17:30,,福祉関連施設,可,無,無,無,無,無,無,無,無,無,無,無,有,無,無,無,無,無,無,無,,,,
131181,131181000166,荒川区,町屋三丁目障がい者就労支援施設,マチヤサンチョウメショウガイシャシュウロウシエンシセツ,,スタートまちや,1499,,,131181,0002003,東京都荒川区町屋3丁目28-2,東京都,荒川区,町屋3丁目,28-2,,,,,,,,,,,1160001,7000020131181,荒川区,月・火・水・木・金,9:00,17:00,,福祉関連施設,可,無,無,有,有,有,有,無,無,無,無,無,有,無,無,無,無,無,無,無,,,,
131181,131181000167,荒川区,西日暮里六丁目障がい者支援施設,ニシニッポリロクチョウメショウガイシャシエンシセツ,,,1499,,,131181,0007006,東京都荒川区西日暮里6丁目25-3 4階,東京都,荒川区,西日暮里6丁目,25-3,4階,,,階数,4,,,,,,1160013,7000020131181,荒川区,月・火・水・木・金・土,14:00,18:00,土曜日は9：00～18：00,福祉関連施設,可,無,無,有,有,有,有,無,無,無,無,無,無,無,無,無,無,無,無,無,,,,
131181,131181000168,荒川区,障害者支援施設,サギョウショボンエルフ,,福祉作業所,1499,,,131181,0005003,東京都荒川区東日暮里3丁目8-16 3階,東京都,荒川区,東日暮里3丁目,8-16,3階,35.733016,139.784481,階数,3,(03)3806-9424,,,,,1160014,7000020131181,荒川区,月～金,9:00,16:00,,福祉関連施設,可,無,無,有,有,有,有,無,無,無,無,無,有,無,有,無,無,可,無,無,,,,
131181,131181000169,荒川区,南千住駅東口自転車等駐車場,ミナミセンジュエキヒガシグチジテンシャトウチュウシャジョウ,,,3732,,,131181,0004004,東京都荒川区南千住4丁目1-2,東京都,荒川区,南千住4丁目,1-2,,,,,,(03)3806-3004,,,,,1160003,4011801013978,株式会社ソーリン,月火水木金土日,0:00,0:00,24時間利用可能,駐輪場,,,,無,有,有,無,,,,,,,,,,,,,,,,,
131181,131181000170,荒川区,センターまちや自転車駐車場,センターマチヤジテンシャチュウシャジョウ,,,3732,,,131181,0006007,東京都荒川区荒川7丁目50-9,東京都,荒川区,荒川7丁目,50-9,,,,,,(03)3819-7012,,,,,1160002,4011801013978,株式会社ソーリン,月火水木金土日,4:30,1:00,,駐輪場,,,,無,有,有,無,,,,,,,,,,,,,,,,,
131181,131181000171,荒川区,三河島駅前自転車駐車場,ミカワシマエキマエジテンシャチュウシャジョウ,,,3732,,,131181,0007001,東京都荒川区西日暮里1丁目6-20,東京都,荒川区,西日暮里1丁目,6-20,,,,,,(03)3806-3192,,,,,1160013,4011801013978,株式会社ソーリン,月火水木金土日,,,24時間利用可能 (ただし、機械式駐輪場は午前4時30分から翌日午前1時),駐輪場,,,,無,,無,無,,,,,,,,,,,,,,,,,
131181,131181000172,荒川区,日暮里駅前自転車駐車場,ニッポリエキマエジテンシャチュウシャジョウ,,,3732,,,131181,0007002,東京都荒川区西日暮里2丁目24-2,東京都,荒川区,西日暮里2丁目,24-2,,,,,,(03)3805-9124,,,,,1160013,4011801013978,株式会社ソーリン,月火水木金土日,4:30,1:00,,駐輪場,,,,無,有,有,有,,,,,,,,,,,,,,,,,
131181,131181000173,荒川区,西日暮里自転車置場,ニシニッポリジテンシャオキバ,,,3732,,,131181,0007005,東京都荒川区西日暮里5丁目38,東京都,荒川区,西日暮里5丁目,38,,,,,,(0120)356-621,,,,,1160013,7000020131181,荒川区,月火水木金土日,0:00,0:00,24時間利用可能,駐輪場,,,,,,,,,,,,,,,,,,,,,,,,
131181,131181000174,荒川区,南千住第一自転車置場,ミナミセンジュダイイチジテンシャオキバ,,,3732,,,131181,0004002,東京都荒川区南千住2丁目34,東京都,荒川区,南千住2丁目,34,,,,,,,,,,,1160003,7000020131181,荒川区,,,,,登録制の自転車置場,,,,,,,,,,,,,,,,,,,,,,,,
131181,131181000175,荒川区,南千住第四自転車置場（指定置場1）,ミナミセンジュダイヨンジテンシャオキバ,,,3732,,,131181,0004002,東京都荒川区南千住2丁目33,東京都,荒川区,南千住2丁目,33,,,,,,,,,,,1160003,7000020131181,荒川区,,,,,登録制の自転車置場,,,,,,,,,,,,,,,,,,,,,,,,
131181,131181000176,荒川区,南千住第四自転車置場（指定置場2）,ミナミセンジュダイヨンジテンシャオキバ,,,3732,,,131181,0004002,東京都荒川区南千住2丁目33,東京都,荒川区,南千住2丁目,33,,,,,,,,,,,1160003,7000020131181,荒川区,,,,,登録制の自転車置場,,,,,,,,,,,,,,,,,,,,,,,,
131181,131181000177,荒川区,南千住二丁目自転車置場,ミナミセンジュニチョウメジテンシャオキバ,,,3732,,,131181,0004002,東京都荒川区南千住2丁目4,東京都,荒川区,南千住2丁目,4,,,,,,,,,,,1160003,7000020131181,荒川区,,,,,登録制の自転車置場,,,,,,,,,,,,,,,,,,,,,,,,
131181,131181000178,荒川区,京成駅前自転車置場,ケイセイエキマエジテンシャオキバ,,,3732,,,131181,0006007,東京都荒川区荒川7丁目40,東京都,荒川区,荒川7丁目,40,,,,,,,,,,,1160002,7000020131181,荒川区,,,,,登録制の自転車置場,,,,,,,,,,,,,,,,,,,,,,,,
131181,131181000179,荒川区,自然公園自転車置場,シゼンコウエンジテンシャオキバ,,,3732,,,131181,0006008,東京都荒川区荒川8丁目32,東京都,荒川区,荒川8丁目,32,,,,,,,,,,,1160002,7000020131181,荒川区,,,,,登録制の自転車置場,,,,,,,,,,,,,,,,,,,,,,,,
131181,131181000180,荒川区,西日暮里第二自転車置場,ニシニッポリダイニジテンシャオキバ,,,3732,,,131181,0007005,東京都荒川区西日暮里5丁目22,東京都,荒川区,西日暮里5丁目,22,,,,,,,,,,,1160013,7000020131181,荒川区,,,,,登録制の自転車置場,,,,,,,,,,,,,,,,,,,,,,,,
131181,131181000181,荒川区,西日暮里第三自転車置場,ニシニッポリダイサンジテンシャオキバ,,,3732,,,131181,0007005,東京都荒川区西日暮里5丁目37,東京都,荒川区,西日暮里5丁目,37,,,,,,,,,,,1160013,7000020131181,荒川区,,,,,登録制の自転車置場,,,,,,,,,,,,,,,,,,,,,,,,
131181,131181000182,荒川区,熊野前自転車置場,クマノマエジテンシャオキバ,,,3732,,,131181,0003003,東京都荒川区東尾久3丁目37,東京都,荒川区,東尾久3丁目,37,,,,,,,,,,,1160012,7000020131181,荒川区,,,,,登録制の自転車置場,,,,,,,,,,,,,,,,,,,,,,,,
131181,131181000183,荒川区,赤土小学校前自転車置場,アカドショウガッコウマエジテンシャオキバ,,,3732,,,131181,0003004,東京都荒川区東尾久4丁目7,東京都,荒川区,東尾久4丁目,7,,,,,,,,,,,1160012,7000020131181,荒川区,,,,,登録制の自転車置場,,,,,,,,,,,,,,,,,,,,,,,,
131181,131181000184,荒川区,瑞光公園,ズイコウコウエン,,,1003,,,131181,0004001,東京都荒川区南千住1丁目26-10,東京都,荒川区,南千住1丁目,26-10,,,,,,,,,,,1160003,7000020131181,荒川区,,,,,区立公園,可,無,無,有,無,無,無,無,無,無,無,無,無,無,有,無,無,可,無,有,,,,
131181,131181000185,荒川区,南千住三丁目公園,ミナミセンジュサンチョウメコウエン,,,1003,,,131181,0004003,東京都荒川区南千住3丁目28-67,東京都,荒川区,南千住3丁目,28-67,,,,,,,,,,,1160003,7000020131181,荒川区,,,,,区立公園,可,無,無,有,無,無,無,無,無,無,無,無,無,無,有,無,有,可,無,有,,,,
131181,131181000186,荒川区,リバーハープ公園,リバーハープコウエン,,,1003,,,131181,0004004,東京都荒川区南千住4丁目9-5,東京都,荒川区,南千住4丁目,9-5,,,,,,,,,,,1160003,7000020131181,荒川区,,,,,区立公園,可,無,無,有,有,有,無,無,無,無,無,無,無,無,無,無,無,可,無,有,,,,
131181,131181000187,荒川区,天王公園,テンノウコウエン,,,1003,,,131181,0004006,東京都荒川区南千住6丁目67-21,東京都,荒川区,南千住6丁目,67-21,,,,,,,,,,,1160003,7000020131181,荒川区,,,,,区立公園,可,無,無,有,無,無,無,無,無,無,無,無,無,無,有,無,有,可,無,有,,,,
131181,131181000188,荒川区,瑞光橋公園,ズイコウバシコウエン,,,1003,,,131181,0004008,東京都荒川区南千住8丁目18-1,東京都,荒川区,南千住8丁目,18-1,,,,,,,,,,,1160003,7000020131181,荒川区,,,,,区立公園,可,無,無,有,有,有,無,無,無,無,無,無,無,無,無,無,無,可,無,有,,,,
131181,131181000189,荒川区,荒川東公園,アラカワヒガシコウエン,,,1003,,,131181,0006001,東京都荒川区荒川1丁目4-10,東京都,荒川区,荒川1丁目,4-10,,,,,,,,,,,1160002,7000020131181,荒川区,,,,,区立公園,可,無,無,無,無,無,無,無,無,無,無,無,無,無,無,無,無,可,無,有,,,,
131181,131181000190,荒川区,荒川公園,アラカワコウエン,,,1003,,,131181,0006002,東京都荒川区荒川2丁目2-3,東京都,荒川区,荒川2丁目,2-3,,,,,,,,,,,1160002,7000020131181,荒川区,,,,,区立公園,可,無,無,有,無,無,無,無,無,無,無,無,無,無,有,無,有,可,無,有,,,,
131181,131181000191,荒川区,荒川二丁目南公園,アラカワニチョウメミナミコウエン,,,1003,,,131181,0006002,東京都荒川区荒川2丁目18-6,東京都,荒川区,荒川2丁目,18-6,,,,,,,,,,,1160002,7000020131181,荒川区,,,,,区立公園,可,無,無,無,無,無,無,無,無,無,無,無,無,無,無,無,無,可,無,有,,,,
131181,131181000192,荒川区,荒川二丁目公園,アラカワニチョウメコウエン,,,1003,,,131181,0006002,東京都荒川区荒川2丁目58-2,東京都,荒川区,荒川2丁目,58-2,,,,,,,,,,,1160002,7000020131181,荒川区,,,,,区立公園,可,無,無,有,無,無,無,無,無,無,無,無,無,無,有,無,有,可,無,有,,,,
131181,131181000193,荒川区,荒川三丁目公園,アラカワサンチョウメコウエン,,,1003,,,131181,0006003,東京都荒川区荒川3丁目33-8,東京都,荒川区,荒川3丁目,33-8,,,,,,,,,,,1160002,7000020131181,荒川区,,,,,区立公園,可,無,無,無,無,無,無,無,無,無,無,無,無,無,無,無,無,可,無,有,,,,
131181,131181000194,荒川区,（仮称）荒川四丁目公園,アラカワヨンチョウメコウエン,,,1003,,,131181,0006004,東京都荒川区荒川4丁目19-1,東京都,荒川区,荒川4丁目,19-1,,,,,,,,,,,1160013,7000020131181,荒川区,,,,,区立公園,可,無,無,有,,,無,無,無,無,無,無,無,無,有,無,有,可,無,有,,,,
131181,131181000195,荒川区,荒川五丁目公園,アラカワゴチョウメコウエン,,,1003,,,131181,0006005,東京都荒川区荒川5丁目41-1,東京都,荒川区,荒川5丁目,41-1,,,,,,,,,,,1160002,7000020131181,荒川区,,,,,区立公園,可,無,無,無,無,無,無,無,無,無,無,無,無,無,無,無,無,可,無,有,,,,
131181,131181000196,荒川区,荒川八丁目南公園,アラカワハッチョウメミナミコウエン,,,1003,,,131181,0006008,東京都荒川区荒川8丁目2-2,東京都,荒川区,荒川8丁目,2-2,,,,,,,,,,,1160002,7000020131181,荒川区,,,,,区立公園,可,無,無,無,無,無,無,無,無,無,無,無,無,無,無,無,無,可,無,有,,,,
131181,131181000197,荒川区,荒川八丁目公園,アラカワハッチョウメコウエン,,,1003,,,131181,0006008,東京都荒川区荒川8丁目16-5,東京都,荒川区,荒川8丁目,16-5,,,,,,,,,,,1160002,7000020131181,荒川区,,,,,区立公園,可,無,無,無,有,有,無,無,無,無,無,無,無,無,無,無,無,可,無,有,,,,
131181,131181000198,荒川区,三河島公園,ミカワシマコウエン,,,1003,,,131181,0006008,東京都荒川区荒川8丁目25-2,東京都,荒川区,荒川8丁目,25-2,,,,,,,,,,,1160002,7000020131181,荒川区,,,,,区立公園,可,無,無,有,無,無,無,無,無,無,無,無,無,無,有,無,有,可,無,有,,,,
131181,131181000199,荒川区,荒川自然公園,アラカワシゼンコウエン,ArakawaShizen Park,,1003,,,131181,0006008,東京都荒川区荒川8丁目25-3,東京都,荒川区,荒川8丁目,25-3,,35.740687,139.785597,,,(03)3803-4042,,,,,1160002,7000020131181,荒川区,第1、第3木曜以外,,,出入口及び時期により変動　詳細はHP参照,区立公園,可,有,有,有,有,有,有,無,有,有,無,無,有,無,有,無,有,可,無,有,,,,
131181,131181000200,荒川区,藍染公園,アイゾメコウエン,,,1003,,,131181,0002001,東京都荒川区町屋1丁目34-9,東京都,荒川区,町屋1丁目,34-9,,,,,,,,,,,1160001,7000020131181,荒川区,,,,,区立公園,可,無,無,有,無,無,無,無,無,無,無,無,無,無,有,無,有,可,無,有,,,,
131181,131181000201,荒川区,町屋二丁目公園,マチヤニチョウメコウエン,,,1003,,,131181,0002002,東京都荒川区町屋2丁目15-13,東京都,荒川区,町屋2丁目,15-13,,,,,,,,,,,1160001,7000020131181,荒川区,,,,,区立公園,可,無,無,無,無,無,無,無,無,無,無,無,無,無,無,無,無,可,無,有,,,,
131181,131181000202,荒川区,原公園,ハラコウエン,,,1003,,,131181,0002005,東京都荒川区町屋5丁目9-7,東京都,荒川区,町屋5丁目,9-7,,,,,,,,,,,1160001,7000020131181,荒川区,,,,,区立公園,可,無,無,無,無,無,無,無,無,無,無,無,無,無,無,無,無,可,無,有,,,,
131181,131181000203,荒川区,町屋五丁目南公園,マチヤゴチョウメミナミコウエン,,,1003,,,131181,0002005,東京都荒川区町屋5丁目11-20,東京都,荒川区,町屋5丁目,11-20,,,,,,,,,,,1160001,7000020131181,荒川区,,,,,区立公園,可,無,無,無,無,無,無,無,無,無,無,無,無,無,無,無,無,可,無,有,,,,
131181,131181000204,荒川区,町屋五丁目北公園,マチヤゴチョウメキタコウエン,,,1003,,,131181,0002005,東京都荒川区町屋5丁目17-3,東京都,荒川区,町屋5丁目,17-3,,,,,,,,,,,1160001,7000020131181,荒川区,,,,,区立公園,可,無,無,無,無,無,無,無,無,無,無,無,無,無,無,無,無,可,無,有,,,,
131181,131181000205,荒川区,荒木田公園,アラキダコウエン,,,1003,,,131181,0002007,東京都荒川区町屋7丁目4-5,東京都,荒川区,町屋7丁目,4-5,,,,,,,,,,,1160001,7000020131181,荒川区,,,,,区立公園,可,無,無,無,有,有,無,無,無,無,無,無,無,無,無,無,無,可,無,有,,,,
131181,131181000206,荒川区,町屋七丁目公園,マチヤナナチョウメコウエン,,,1003,,,131181,0002007,東京都荒川区町屋7丁目16-6,東京都,荒川区,町屋7丁目,16-6,,,,,,,,,,,1160001,7000020131181,荒川区,,,,,区立公園,可,無,無,有,有,有,無,無,無,無,無,無,無,無,無,無,無,可,無,有,,,,
131181,131181000207,荒川区,尾久小公園,オグショウコウエン,,,1003,,,131181,0003006,東京都荒川区東尾久6丁目42-6,東京都,荒川区,東尾久6丁目,42-6,,,,,,,,,,,1160012,7000020131181,荒川区,,,,,区立公園,可,無,無,有,無,無,無,無,無,無,無,無,無,無,有,無,有,可,無,有,,,,
131181,131181000208,荒川区,熊野前公園,クマノマエコウエン,,,1003,,,131181,0003008,東京都荒川区東尾久8丁目1-1,東京都,荒川区,東尾久8丁目,1-1,,,,,,,,,,,1160012,7000020131181,荒川区,,,,,区立公園,可,無,無,無,無,無,無,無,無,無,無,無,無,無,無,無,無,可,無,有,,,,
131181,131181000209,荒川区,宮前公園,ミヤマエコウエン,Miyamae Parak,,1003,,,131181,0003008,東京都荒川区東尾久8丁目45-22,東京都,荒川区,東尾久8丁目,45-22,,,,,,(03)3810-2111,,,,,1160012,7000020131181,荒川区,,,,,区立公園,可,有,有,有,無,無,無,無,無,有,無,無,有,無,有,無,有,可,無,有,,,,
131181,131181000210,荒川区,尾久八幡公園,オグハチマンコウエン,,,1003,,,131181,0001003,東京都荒川区西尾久3丁目6-4,東京都,荒川区,西尾久3丁目,6-4,,,,,,,,,,,1160011,7000020131181,荒川区,,,,,区立公園,可,無,無,無,無,無,無,無,無,無,無,無,無,無,無,無,無,可,無,有,,,,
131181,131181000211,荒川区,西尾久四丁目公園,ニシオグヨンチョウメコウエン,,,1003,,,131181,0001004,東京都荒川区西尾久4丁目6-3,東京都,荒川区,西尾久4丁目,6-3,,,,,,,,,,,1160011,7000020131181,荒川区,,,,,区立公園,可,無,無,有,無,無,無,無,無,無,無,無,無,無,有,無,有,可,無,有,,,,
131181,131181000212,荒川区,西尾久四丁目北公園,ニシオグヨンチョウメキタコウエン,,,1003,,,131181,0001004,東京都荒川区西尾久4丁目12-6,東京都,荒川区,西尾久4丁目,12-6,,,,,,,,,,,1160011,7000020131181,荒川区,,,,,区立公園,可,無,無,無,無,無,無,無,無,無,無,無,無,無,無,無,無,可,無,有,,,,
131181,131181000213,荒川区,東日暮里一丁目公園,ヒガシニッポリイッチョウメコウエン,,,1003,,,131181,0005001,東京都荒川区東日暮里1丁目17-22,東京都,荒川区,東日暮里1丁目,17-22,,,,,,,,,,,1160014,7000020131181,荒川区,,,,,区立公園,可,無,無,有,無,無,無,無,無,無,無,無,無,無,有,無,有,可,無,有,,,,
131181,131181000214,荒川区,日暮里公園,ニッポリコウエン,,,1003,,,131181,0005003,東京都荒川区東日暮里3丁目11-10,東京都,荒川区,東日暮里3丁目,11-10,,,,,,,,,,,1160014,7000020131181,荒川区,,,,,区立公園,可,無,無,有,無,無,無,無,無,無,無,無,無,無,有,無,有,可,無,有,,,,
131181,131181000215,荒川区,日暮里南公園,ニッポリミナミコウエン,,,1003,,,131181,0005005,東京都荒川区東日暮里5丁目19-1,東京都,荒川区,東日暮里5丁目,19-1,,,,,,,,,,,1160014,7000020131181,荒川区,,,,,区立公園,可,無,無,有,無,無,無,無,無,無,無,無,無,無,有,無,有,可,無,有,,,,
131181,131181000216,荒川区,真土公園,マツチコウエン,,,1003,,,131181,0007001,東京都荒川区西日暮里1丁目26-9,東京都,荒川区,西日暮里1丁目,26-9,,,,,,,,,,,1160013,7000020131181,荒川区,,,,,区立公園,可,無,無,無,無,無,無,無,無,無,無,無,無,無,無,無,無,可,無,有,,,,
131181,131181000217,荒川区,西日暮里公園,ニシニッポリコウエン,,,1003,,,131181,0007003,東京都荒川区西日暮里3丁目5-5,東京都,荒川区,西日暮里3丁目,5-5,,,,,,,,,,,1160013,7000020131181,荒川区,,,,,区立公園,可,無,無,無,有,有,無,無,無,無,無,無,無,無,無,無,無,可,無,有,,,,
131181,131181000218,荒川区,西日暮里六丁目公園,ニシニッポリロクチョウメコウエン,,,1003,,,131181,0007006,東京都荒川区西日暮里6丁目11-2,東京都,荒川区,西日暮里6丁目,11-2,,,,,,,,,,,1160013,7000020131181,荒川区,,,,,区立公園,可,無,無,無,無,無,無,無,無,無,無,無,無,無,無,無,無,可,無,有,,,,
131181,131181000219,荒川区,南千住第一児童遊園,ミナミセンジュダイイチジドウユウエン,,,1003,,,131181,0004002,東京都荒川区南千住2丁目21-8,東京都,荒川区,南千住2丁目,21-8,,,,,,,,,,,1160003,7000020131181,荒川区,,,,,区立児童遊園,可,無,無,無,無,無,無,無,無,無,無,無,無,無,無,無,無,可,無,有,,,,
131181,131181000220,荒川区,南千住第二児童遊園,ミナミセンジュダイニジドウユウエン,,,1003,,,131181,0004006,東京都荒川区南千住6丁目60-15,東京都,荒川区,南千住6丁目,60-15,,,,,,,,,,,1160003,7000020131181,荒川区,,,,,区立児童遊園,可,無,無,無,無,無,無,無,無,無,無,無,無,無,無,無,無,可,無,有,,,,
131181,131181000221,荒川区,南千住第四児童遊園,ミナミセンジュダイヨンジドウユウエン,,,1003,,,131181,0004001,東京都荒川区南千住1丁目56-11,東京都,荒川区,南千住1丁目,56-11,,,,,,,,,,,1160003,7000020131181,荒川区,,,,,区立児童遊園,可,無,無,有,無,無,無,無,無,無,無,無,無,無,有,無,有,可,無,有,,,,
131181,131181000222,荒川区,仲通り児童遊園,ナカドオリジドウユウエン,,,1003,,,131181,0004005,東京都荒川区南千住5丁目5-8,東京都,荒川区,南千住5丁目,5-8,,,,,,,,,,,1160003,7000020131181,荒川区,,,,,区立児童遊園,可,無,無,無,無,無,無,無,無,無,無,無,無,無,無,無,無,可,無,有,,,,
131181,131181000223,荒川区,若葉児童遊園,ワカバジドウユウエン,,,1003,,,131181,0004005,東京都荒川区南千住5丁目12-3,東京都,荒川区,南千住5丁目,12-3,,,,,,,,,,,1160003,7000020131181,荒川区,,,,,区立児童遊園,可,無,無,有,無,無,無,無,無,無,無,無,無,無,無,無,無,可,無,有,,,,
131181,131181000224,荒川区,地蔵堀児童遊園,ジゾウボリジドウユウエン,,,1003,,,131181,0004006,東京都荒川区南千住6丁目11-1,東京都,荒川区,南千住6丁目,11-1,,,,,,,,,,,1160003,7000020131181,荒川区,,,,,区立児童遊園,可,無,無,有,無,無,無,無,無,無,無,無,無,無,有,無,有,可,無,有,,,,
131181,131181000225,荒川区,若宮八幡児童遊園,ワカミヤハチマンジドウユウエン,,,1003,,,131181,0004006,東京都荒川区南千住6丁目35-7,東京都,荒川区,南千住6丁目,35-7,,,,,,,,,,,1160003,7000020131181,荒川区,,,,,区立児童遊園,可,無,無,無,無,無,無,無,無,無,無,無,無,無,無,無,無,可,無,有,,,,
131181,131181000226,荒川区,南千住六丁目児童遊園,ミナミセンジュロクチョウメジドウユウエン,,,1003,,,131181,0004006,東京都荒川区南千住6丁目49-9,東京都,荒川区,南千住6丁目,49-9,,,,,,,,,,,1160003,7000020131181,荒川区,,,,,区立児童遊園,可,無,無,有,無,無,無,無,無,無,無,無,無,無,有,無,有,可,無,有,,,,
131181,131181000227,荒川区,三瑞児童遊園,サンズイジドウユウエン,,,1003,,,131181,0004007,東京都荒川区南千住7丁目8-9,東京都,荒川区,南千住7丁目,8-9,,,,,,,,,,,1160003,7000020131181,荒川区,,,,,区立児童遊園,可,無,無,無,無,無,無,無,無,無,無,無,無,無,無,無,無,可,無,有,,,,
131181,131181000228,荒川区,荒川一丁目児童遊園,アラカワイッチョウメジドウユウエン,,,1003,,,131181,0006001,東京都荒川区荒川1丁目5-9,東京都,荒川区,荒川1丁目,5-9,,,,,,,,,,,1160002,7000020131181,荒川区,,,,,区立児童遊園,可,無,無,無,無,無,無,無,無,無,無,無,無,無,無,無,無,可,無,有,,,,
131181,131181000229,荒川区,峡田児童遊園,ハケタジドウユウエン,,,1003,,,131181,0006001,東京都荒川区荒川1丁目55-2,東京都,荒川区,荒川1丁目,55-2,,,,,,,,,,,1160002,7000020131181,荒川区,,,,,区立児童遊園,可,無,無,無,無,無,無,無,無,無,無,無,無,無,無,無,無,可,無,有,,,,
131181,131181000230,荒川区,三河島第二児童遊園,ミカワシマダイニジドウユウエン,,,1003,,,131181,0006002,東京都荒川区荒川2丁目31-7,東京都,荒川区,荒川2丁目,31-7,,,,,,,,,,,1160002,7000020131181,荒川区,,,,,区立児童遊園,可,無,無,有,無,無,無,無,無,無,無,無,無,無,有,無,有,可,無,有,,,,
131181,131181000231,荒川区,前沼児童遊園,マエヌマジドウユウエン,,,1003,,,131181,0006003,東京都荒川区荒川3丁目28-12,東京都,荒川区,荒川3丁目,28-12,,,,,,,,,,,1160002,7000020131181,荒川区,,,,,区立児童遊園,可,無,無,無,無,無,無,無,無,無,無,無,無,無,無,無,無,可,無,有,,,,
131181,131181000232,荒川区,荒川四丁目児童遊園,アラアクァヨンチョウメジドウユウエン,,,1003,,,131181,0006004,東京都荒川区荒川4丁目11-8,東京都,荒川区,荒川4丁目,11-8,,,,,,,,,,,1160002,7000020131181,荒川区,,,,,区立児童遊園,可,無,無,無,無,無,無,無,無,無,無,無,無,無,無,無,無,可,無,有,,,,
131181,131181000233,荒川区,荒川五丁目東児童遊園,アラカワゴチョウメヒガシジドウユウエン,,,1003,,,131181,0006005,東京都荒川区荒川5丁目7-2,東京都,荒川区,荒川5丁目,7-2,,,,,,,,,,,1160002,7000020131181,荒川区,,,,,区立児童遊園,可,無,無,無,無,無,無,無,無,無,無,無,無,無,無,無,無,可,無,有,,,,
131181,131181000234,荒川区,荒川五丁目児童遊園,アラカワゴチョウメジドウユウエン,,,1003,,,131181,0006005,東京都荒川区荒川5丁目24-7,東京都,荒川区,荒川5丁目,24-7,,,,,,,,,,,1160002,7000020131181,荒川区,,,,,区立児童遊園,可,無,無,無,無,無,無,無,無,無,無,無,無,無,無,無,無,可,無,有,,,,
131181,131181000235,荒川区,花の木児童遊園,ハナノキジドウユウエン,,,1003,,,131181,0006006,東京都荒川区荒川6丁目14-3,東京都,荒川区,荒川6丁目,14-3,,,,,,,,,,,1160002,7000020131181,荒川区,,,,,区立児童遊園,可,無,無,無,無,無,無,無,無,無,無,無,無,無,無,無,無,可,無,有,,,,
131181,131181000236,荒川区,新地児童遊園,シンチジドウユウエン,,,1003,,,131181,0006006,東京都荒川区荒川6丁目39-1,東京都,荒川区,荒川6丁目,39-1,,,,,,,,,,,1160002,7000020131181,荒川区,,,,,区立児童遊園,可,無,無,無,無,無,無,無,無,無,無,無,無,無,無,無,無,可,無,有,,,,
131181,131181000237,荒川区,荒川六丁目児童遊園,アラカワロクチョウメジドウユウエン,,,1003,,,131181,0006006,東京都荒川区荒川6丁目49-8,東京都,荒川区,荒川6丁目,49-8,,,,,,,,,,,1160002,7000020131181,荒川区,,,,,区立児童遊園,可,無,無,無,無,無,無,無,無,無,無,無,無,無,無,無,無,可,無,有,,,,
131181,131181000238,荒川区,一本松児童遊園,イッポンマツジドウユウエン,,,1003,,,131181,0002001,東京都荒川区町屋1丁目10-2,東京都,荒川区,町屋1丁目,10-2,,,,,,,,,,,1160001,7000020131181,荒川区,,,,,区立児童遊園,可,無,無,無,無,無,無,無,無,無,無,無,無,無,無,無,無,可,無,有,,,,
131181,131181000239,荒川区,町屋二丁目児童遊園,マチヤニチョウメジドウユウエン,,,1003,,,131181,0002002,東京都荒川区町屋2丁目19-2,東京都,荒川区,町屋2丁目,19-2,,,,,,,,,,,1160001,7000020131181,荒川区,,,,,区立児童遊園,可,無,無,有,無,無,無,無,無,無,無,無,無,無,有,無,有,可,無,有,,,,
131181,131181000240,荒川区,町屋三丁目児童遊園,マチヤサンチョウメジドウユウエン,,,1003,,,131181,0002003,東京都荒川区町屋3丁目27-6,東京都,荒川区,町屋3丁目,27-6,,,,,,,,,,,1160001,7000020131181,荒川区,,,,,区立児童遊園,可,無,無,無,無,無,無,無,無,無,無,無,無,無,無,無,無,可,無,有,,,,
131181,131181000241,荒川区,町屋第二児童遊園,マチヤダイニジドウユウエン,,,1003,,,131181,0002004,東京都荒川区町屋4丁目3-10,東京都,荒川区,町屋4丁目,3-10,,,,,,,,,,,1160001,7000020131181,荒川区,,,,,区立児童遊園,可,無,無,無,無,無,無,無,無,無,無,無,無,無,無,無,無,可,無,有,,,,
131181,131181000242,荒川区,町屋四丁目児童遊園,マチヤヨンチョウメジドウユウエン,,,1003,,,131181,0002004,東京都荒川区町屋4丁目13-16,東京都,荒川区,町屋4丁目,13-16,,,,,,,,,,,1160001,7000020131181,荒川区,,,,,区立児童遊園,可,無,無,無,無,無,無,無,無,無,無,無,無,無,無,無,無,可,無,有,,,,
131181,131181000243,荒川区,町屋第三児童遊園,マチヤダイサンジドウユウエン,,,1003,,,131181,0002004,東京都荒川区町屋4丁目30-6,東京都,荒川区,町屋4丁目,30-6,,,,,,,,,,,1160001,7000020131181,荒川区,,,,,区立児童遊園,可,無,無,無,無,無,無,無,無,無,無,無,無,無,無,無,無,可,無,有,,,,
131181,131181000244,荒川区,町屋第四児童遊園,マチヤダイヨンジドウユウエン,,,1003,,,131181,0002003,東京都荒川区町屋3丁目10-13,東京都,荒川区,町屋3丁目,10-13,,,,,,,,,,,1160001,7000020131181,荒川区,,,,,区立児童遊園,可,無,無,無,無,無,無,無,無,無,無,無,無,無,無,無,無,可,無,有,,,,
131181,131181000245,荒川区,町屋五丁目児童遊園,マチヤゴチョウメジドウユウエン,,,1003,,,131181,0002005,東京都荒川区町屋5丁目17-13,東京都,荒川区,町屋5丁目,17-13,,,,,,,,,,,1160001,7000020131181,荒川区,,,,,区立児童遊園,可,無,無,無,無,無,無,無,無,無,無,無,無,無,無,無,無,可,無,有,,,,
131181,131181000246,荒川区,江川堀児童遊園,エガワボリジドウユウエン,,,1003,,,131181,0002006,東京都荒川区町屋6丁目4-12,東京都,荒川区,町屋6丁目,4-12,,,,,,,,,,,1160001,7000020131181,荒川区,,,,,区立児童遊園,可,無,無,無,有,有,無,無,無,無,無,無,無,無,無,無,無,可,無,有,,,,
131181,131181000247,荒川区,町屋六丁目児童遊園,マチヤロクチョウメジドウユウエン,,,1003,,,131181,0002006,東京都荒川区町屋6丁目22-3,東京都,荒川区,町屋6丁目,22-3,,,,,,,,,,,1160001,7000020131181,荒川区,,,,,区立児童遊園,可,無,無,有,無,無,無,無,無,無,無,無,無,無,無,無,無,可,無,有,,,,
131181,131181000248,荒川区,町屋六丁目東児童遊園,マチヤロクチョウメヒガシジドウユウエン,,,1003,,,131181,0002006,東京都荒川区町屋6丁目36-17,東京都,荒川区,町屋6丁目,36-17,,,,,,,,,,,1160001,7000020131181,荒川区,,,,,区立児童遊園,可,無,無,無,無,無,無,無,無,無,無,無,無,無,無,無,無,可,無,有,,,,
131181,131181000249,荒川区,町屋六丁目北児童遊園,マチヤロクチョウメキタジドウユウエン,,,1003,,,131181,0002006,東京都荒川区町屋6丁目37-2,東京都,荒川区,町屋6丁目,37-2,,,,,,,,,,,1160001,7000020131181,荒川区,,,,,区立児童遊園,可,無,無,有,無,無,無,無,無,無,無,無,無,無,無,無,無,可,無,有,,,,
131181,131181000250,荒川区,町屋七丁目北児童遊園,マチヤナナチョウメキタジドウユウエン,,,1003,,,131181,0002007,東京都荒川区町屋7丁目5-8,東京都,荒川区,町屋7丁目,5-8,,,,,,,,,,,1160001,7000020131181,荒川区,,,,,区立児童遊園,可,無,無,無,無,無,無,無,無,無,無,無,無,無,無,無,無,可,無,有,,,,
131181,131181000251,荒川区,町屋七丁目児童遊園,マチヤナナチョウメジドウユウエン,,,1003,,,131181,0002007,東京都荒川区町屋7丁目19-8,東京都,荒川区,町屋7丁目,19-8,,,,,,,,,,,1160001,7000020131181,荒川区,,,,,区立児童遊園,可,無,無,無,無,無,無,無,無,無,無,無,無,無,無,無,無,可,無,有,,,,
131181,131181000252,荒川区,町屋八丁目児童遊園,マチヤハッチョウメジドウユウエン,,,1003,,,131181,0002008,東京都荒川区町屋8丁目2-5,東京都,荒川区,町屋8丁目,2-5,,,,,,,,,,,1160001,7000020131181,荒川区,,,,,区立児童遊園,可,無,無,無,無,無,無,無,無,無,無,無,無,無,無,無,無,可,無,有,,,,
131181,131181000253,荒川区,町屋八丁目南児童遊園,マチヤハッチョウメミマミジドウユウエン,,,1003,,,131181,0002008,東京都荒川区町屋8丁目21-12,東京都,荒川区,町屋8丁目,21-12,,,,,,,,,,,1160001,7000020131181,荒川区,,,,,区立児童遊園,可,無,無,無,無,無,無,無,無,無,無,無,無,無,無,無,無,可,無,有,,,,
131181,131181000254,荒川区,尾久第一児童遊園,オグダイイチジドウユウエン,,,1003,,,131181,0003004,東京都荒川区東尾久4丁目45-3,東京都,荒川区,東尾久4丁目,45-3,,,,,,,,,,,1160012,7000020131181,荒川区,,,,,区立児童遊園,可,無,無,無,無,無,無,無,無,無,無,無,無,無,無,無,無,可,無,有,,,,
131181,131181000255,荒川区,尾久第二児童遊園,オグダイニジドウユウエン,,,1003,,,131181,0002006,東京都荒川区町屋6丁目8-8,東京都,荒川区,町屋6丁目,8-8,,,,,,,,,,,1160001,7000020131181,荒川区,,,,,区立児童遊園,可,無,無,無,無,無,無,無,無,無,無,無,無,無,無,無,無,可,無,有,,,,
131181,131181000256,荒川区,尾久第三児童遊園,オグダイサンジドウユウエン,,,1003,,,131181,0003006,東京都荒川区東尾久6丁目5-10,東京都,荒川区,東尾久6丁目,5-10,,,,,,,,,,,1160012,7000020131181,荒川区,,,,,区立児童遊園,可,無,無,無,無,無,無,無,無,無,無,無,無,無,無,無,無,可,無,有,,,,
131181,131181000257,荒川区,尾久第四児童遊園,オグダイヨンジドウユウエン,,,1003,,,131181,0003006,東京都荒川区東尾久6丁目21-2,東京都,荒川区,東尾久6丁目,21-2,,,,,,,,,,,1160012,7000020131181,荒川区,,,,,区立児童遊園,可,無,無,無,無,無,無,無,無,無,無,無,無,無,無,無,無,可,無,有,,,,
131181,131181000258,荒川区,尾久第五児童遊園,オグダイゴジドウユウエン,,,1003,,,131181,0003008,東京都荒川区東尾久8丁目21-6,東京都,荒川区,東尾久8丁目,21-6,,,,,,,,,,,1160012,7000020131181,荒川区,,,,,区立児童遊園,可,無,無,無,無,無,無,無,無,無,無,無,無,無,無,無,無,可,無,有,,,,
131181,131181000259,荒川区,東尾久一丁目児童遊園,ヒガシオグイッチョウメジドウユウエン,,,1003,,,131181,0003001,東京都荒川区東尾久1丁目24-21,東京都,荒川区,東尾久1丁目,24-21,,,,,,,,,,,1160012,7000020131181,荒川区,,,,,区立児童遊園,可,無,無,無,無,無,無,無,無,無,無,無,無,無,無,無,無,可,無,有,,,,
131181,131181000260,荒川区,東尾久二丁目児童遊園,ヒガシオグニチョウメジドウユウエン,,,1003,,,131181,0003002,東京都荒川区東尾久2丁目9-3,東京都,荒川区,東尾久2丁目,9-3,,,,,,,,,,,1160012,7000020131181,荒川区,,,,,区立児童遊園,可,無,無,無,無,無,無,無,無,無,無,無,無,無,無,無,無,可,無,有,,,,
131181,131181000261,荒川区,本町通児童遊園,ホンチョウドオリジドウユウエン,,,1003,,,131181,0003002,東京都荒川区東尾久2丁目37-13,東京都,荒川区,東尾久2丁目,37-13,,,,,,,,,,,1160012,7000020131181,荒川区,,,,,区立児童遊園,可,無,無,無,無,無,無,無,無,無,無,無,無,無,無,無,無,可,無,有,,,,
131181,131181000262,荒川区,東尾久三丁目児童遊園,ヒガシオグサンチョウメジドウユウエン,,,1003,,,131181,0003003,東京都荒川区東尾久3丁目5-1,東京都,荒川区,東尾久3丁目,5-1,,,,,,,,,,,1160012,7000020131181,荒川区,,,,,区立児童遊園,可,無,無,無,無,無,無,無,無,無,無,無,無,無,無,無,無,可,無,有,,,,
131181,131181000263,荒川区,東尾久三丁目北児童遊園,ヒガシオグサンチョウメキタジドウユウエン,,,1003,,,131181,0003003,東京都荒川区東尾久3丁目18-4,東京都,荒川区,東尾久3丁目,18-4,,,,,,,,,,,1160012,7000020131181,荒川区,,,,,区立児童遊園,可,無,無,無,無,無,無,無,無,無,無,無,無,無,無,無,無,可,無,有,,,,
131181,131181000264,荒川区,東尾久三丁目西児童遊園,ヒガシオグサンチョウメニシジドウユウエン,,,1003,,,131181,0003003,東京都荒川区東尾久3丁目24-7,東京都,荒川区,東尾久3丁目,24-7,,,,,,,,,,,1160012,7000020131181,荒川区,,,,,区立児童遊園,可,無,無,無,無,無,無,無,無,無,無,無,無,無,無,無,無,可,無,有,,,,
131181,131181000265,荒川区,東尾久四丁目児童遊園,ヒガシオグヨンチョウメジドウユウエン,,,1003,,,131181,0003004,東京都荒川区東尾久4丁目12-1,東京都,荒川区,東尾久4丁目,12-1,,,,,,,,,,,1160012,7000020131181,荒川区,,,,,区立児童遊園,可,無,無,無,無,無,無,無,無,無,無,無,無,無,無,無,無,可,無,有,,,,
131181,131181000266,荒川区,東尾久上児童遊園,ヒガシオグカミジドウユウエン,,,1003,,,131181,0003004,東京都荒川区東尾久4丁目24-10,東京都,荒川区,東尾久4丁目,24-10,,,,,,,,,,,1160012,7000020131181,荒川区,,,,,区立児童遊園,可,無,無,無,無,無,無,無,無,無,無,無,無,無,無,無,無,可,無,有,,,,
131181,131181000267,荒川区,東尾久五丁目児童遊園,ヒガシオグゴチョウメジドウユウエン,,,1003,,,131181,0003005,東京都荒川区東尾久5丁目9-4,東京都,荒川区,東尾久5丁目,9-4,,,,,,,,,,,1160012,7000020131181,荒川区,,,,,区立児童遊園,可,無,無,無,無,無,無,無,無,無,無,無,無,無,無,無,無,可,無,有,,,,
131181,131181000268,荒川区,熊野前南児童遊園,クマノマエミナミジドウユウエン,,,1003,,,131181,0003005,東京都荒川区東尾久5丁目21-10,東京都,荒川区,東尾久5丁目,21-10,,,,,,,,,,,1160012,7000020131181,荒川区,,,,,区立児童遊園,可,無,無,無,無,無,無,無,無,無,無,無,無,無,無,無,無,可,無,有,,,,
131181,131181000269,荒川区,東尾久五丁目南児童遊園,ヒガシオグゴチョウメミナミジドウユウエン,,,1003,,,131181,0003005,東京都荒川区東尾久5丁目28-3,東京都,荒川区,東尾久5丁目,28-3,,,,,,,,,,,1160012,7000020131181,荒川区,,,,,区立児童遊園,可,無,無,無,無,無,無,無,無,無,無,無,無,無,無,無,無,可,無,有,,,,
131181,131181000270,荒川区,東尾久六丁目児童遊園,ヒガシオグロクチョウメジドウユウエン,,,1003,,,131181,0003006,東京都荒川区東尾久6丁目16-15,東京都,荒川区,東尾久6丁目,16-15,,,,,,,,,,,1160012,7000020131181,荒川区,,,,,区立児童遊園,可,無,無,無,無,無,無,無,無,無,無,無,無,無,無,無,無,可,無,有,,,,
131181,131181000271,荒川区,西尾久一丁目児童遊園,ニシオグイッチョウメジドウユウエン,,,1003,,,131181,0001001,東京都荒川区西尾久1丁目26-7,東京都,荒川区,西尾久1丁目,26-7,,,,,,,,,,,1160011,7000020131181,荒川区,,,,,区立児童遊園,可,無,無,無,無,無,無,無,無,無,無,無,無,無,無,無,無,可,無,有,,,,
131181,131181000272,荒川区,八幡児童遊園,ハチマンジドウユウエン,,,1003,,,131181,0001002,東京都荒川区西尾久2丁目5-9,東京都,荒川区,西尾久2丁目,5-9,,,,,,,,,,,1160011,7000020131181,荒川区,,,,,区立児童遊園,可,無,無,無,無,無,無,無,無,無,無,無,無,無,無,無,無,可,無,有,,,,
131181,131181000273,荒川区,西尾久四丁目南児童遊園,ニシオグヨンチョウメミナミジドウユウエン,,,1003,,,131181,0001004,東京都荒川区西尾久4丁目11-1,東京都,荒川区,西尾久4丁目,11-1,,,,,,,,,,,1160011,7000020131181,荒川区,,,,,区立児童遊園,可,無,無,無,無,無,無,無,無,無,無,無,無,無,無,無,無,可,無,有,,,,
131181,131181000274,荒川区,西尾久四丁目児童遊園,ニシオグヨンチョウメジドウユウエン,,,1003,,,131181,0001004,東京都荒川区西尾久4丁目17-9,東京都,荒川区,西尾久4丁目,17-9,,,,,,,,,,,1160011,7000020131181,荒川区,,,,,区立児童遊園,可,無,無,無,無,無,無,無,無,無,無,無,無,無,無,無,無,可,無,有,,,,
131181,131181000275,荒川区,西尾久五丁目児童遊園,ニシオグゴチョウメジドウユウエン,,,1003,,,131181,0001005,東京都荒川区西尾久5丁目5-11,東京都,荒川区,西尾久5丁目,5-11,,,,,,,,,,,1160011,7000020131181,荒川区,,,,,区立児童遊園,可,無,無,無,有,有,無,無,無,無,無,無,無,無,無,無,無,可,無,有,,,,
131181,131181000276,荒川区,西尾久七丁目児童遊園,ニシオグナナチョウメジドウユウエン,,,1003,,,131181,0001007,東京都荒川区西尾久7丁目16-9,東京都,荒川区,西尾久7丁目,16-9,,,,,,,,,,,1160011,7000020131181,荒川区,,,,,区立児童遊園,可,無,無,有,無,無,無,無,無,無,無,無,無,無,有,無,有,可,無,有,,,,
131181,131181000277,荒川区,西尾久八丁目児童遊園,ニシオグハッチョウメジドウユウエン,,,1003,,,131181,0001008,東京都荒川区西尾久8丁目12-8,東京都,荒川区,西尾久8丁目,12-8,,,,,,,,,,,1160011,7000020131181,荒川区,,,,,区立児童遊園,可,無,無,無,無,無,無,無,無,無,無,無,無,無,無,無,無,可,無,有,,,,
131181,131181000278,荒川区,東日暮里二丁目児童遊園,ヒガシニッポリニチョウメジドウユウエン,,,1003,,,131181,0005002,東京都荒川区東日暮里2丁目17-11,東京都,荒川区,東日暮里2丁目,17-11,,,,,,,,,,,1160014,7000020131181,荒川区,,,,,区立児童遊園,可,無,無,無,無,無,無,無,無,無,無,無,無,無,無,無,無,可,無,有,,,,
131181,131181000279,荒川区,東日暮里三丁目児童遊園,ヒガシニッポリサンチョウメジドウユウエン,,,1003,,,131181,0005003,東京都荒川区東日暮里3丁目14-5,東京都,荒川区,東日暮里3丁目,14-5,,,,,,,,,,,1160014,7000020131181,荒川区,,,,,区立児童遊園,可,無,無,無,無,無,無,無,無,無,無,無,無,無,無,無,無,可,無,有,,,,
131181,131181000280,荒川区,日暮里第一児童遊園,ニッポリダイイチジドウユウエン,,,1003,,,131181,0005003,東京都荒川区東日暮里3丁目37-6,東京都,荒川区,東日暮里3丁目,37-6,,,,,,,,,,,1160014,7000020131181,荒川区,,,,,区立児童遊園,可,無,無,無,有,有,無,無,無,無,無,無,無,無,無,無,無,可,無,有,,,,
131181,131181000281,荒川区,日暮里第二児童遊園,ニッポリダイニジドウユウエン,,,1003,,,131181,0007004,東京都荒川区西日暮里4丁目7-11,東京都,荒川区,西日暮里4丁目,7-11,,,,,,,,,,,1160013,7000020131181,荒川区,,,,,区立児童遊園,可,無,無,無,無,無,無,無,無,無,無,無,無,無,無,無,無,可,無,有,,,,
131181,131181000282,荒川区,東日暮里四丁目児童遊園,ヒガシニッポリヨンチョウメジドウユウエン,,,1003,,,131181,0005004,東京都荒川区東日暮里4丁目15-9,東京都,荒川区,東日暮里4丁目,15-9,,,,,,,,,,,1160014,7000020131181,荒川区,,,,,区立児童遊園,可,無,無,無,無,無,無,無,無,無,無,無,無,無,無,無,無,可,無,有,,,,
131181,131181000283,荒川区,東日暮里六丁目児童遊園,ヒガシニッポリロクチョウメジドウユウエン,,,1003,,,131181,0005006,東京都荒川区東日暮里6丁目5-5,東京都,荒川区,東日暮里6丁目,5-5,,,,,,,,,,,1160014,7000020131181,荒川区,,,,,区立児童遊園,可,無,無,無,無,無,無,無,無,無,無,無,無,無,無,無,無,可,無,有,,,,
131181,131181000284,荒川区,東日暮里六丁目西児童遊園,ヒガシニッポリロクチョウメニシジドウユウエン,,,1003,,,131181,0005006,東京都荒川区東日暮里6丁目38-3,東京都,荒川区,東日暮里6丁目,38-3,,,,,,,,,,,1160014,7000020131181,荒川区,,,,,区立児童遊園,可,無,無,無,無,無,無,無,無,無,無,無,無,無,無,無,無,可,無,有,,,,
131181,131181000285,荒川区,真土児童遊園,マツチジドウユウエン,,,1003,,,131181,0007001,東京都荒川区西日暮里1丁目11-7,東京都,荒川区,西日暮里1丁目,11-7,,,,,,,,,,,1160013,7000020131181,荒川区,,,,,区立児童遊園,可,無,無,無,無,無,無,無,無,無,無,無,無,無,無,無,無,可,無,有,,,,
131181,131181000286,荒川区,小鳩児童遊園,コバトジドウユウエン,,,1003,,,131181,0007001,東京都荒川区西日暮里1丁目17-5,東京都,荒川区,西日暮里1丁目,17-5,,,,,,,,,,,1160013,7000020131181,荒川区,,,,,区立児童遊園,可,無,無,無,無,無,無,無,無,無,無,無,無,無,無,無,無,可,無,有,,,,
131181,131181000287,荒川区,花見寺前児童遊園,ハナミデラマエジドウユウエン,,,1003,,,131181,0007003,東京都荒川区西日暮里3丁目18-7,東京都,荒川区,西日暮里3丁目,18-7,,,,,,,,,,,1160013,7000020131181,荒川区,,,,,区立児童遊園,可,無,無,無,無,無,無,無,無,無,無,無,無,無,無,無,無,可,無,有,,,,
131181,131181000288,荒川区,西日暮里六丁目児童遊園,ニシニッポリロクチョウメジドウユウエン,,,1003,,,131181,0007006,東京都荒川区西日暮里6丁目45-4,東京都,荒川区,西日暮里6丁目,45-4,,,,,,,,,,,1160013,7000020131181,荒川区,,,,,区立児童遊園,可,無,無,無,無,無,無,無,無,無,無,無,無,無,無,無,無,可,無,有,,,,
131181,131181000289,荒川区,荒川二丁目防災スポット,アラカワニチョウメボウサイスポット,,,1006,,,131181,0006002,東京都荒川区荒川2丁目7-7,東京都,荒川区,荒川2丁目,7-7,,,,,,,,,,,1160002,7000020131181,荒川区,,,,,区立防災スポット,可,無,無,有,無,無,無,無,無,無,無,無,無,無,無,無,無,可,無,有,,,,
131181,131181000290,荒川区,花の木防災スポット,ハナノキボウサイスポット,,,1006,,,131181,0006005,東京都荒川区荒川5丁目40-12,東京都,荒川区,荒川5丁目,40-12,,,,,,,,,,,1160002,7000020131181,荒川区,,,,,区立防災スポット,可,無,無,有,無,無,無,無,無,無,無,無,無,無,無,無,無,可,無,有,,,,
131181,131181000291,荒川区,荒川六丁目防災スポット,アラカワロクチョウメボウサイスポット,,,1006,,,131181,0006006,東京都荒川区荒川6丁目65-21,東京都,荒川区,荒川6丁目,65-21,,,,,,,,,,,1160002,7000020131181,荒川区,,,,,区立防災スポット,可,無,無,有,無,無,無,無,無,無,無,無,無,無,無,無,無,可,無,有,,,,
131181,131181000292,荒川区,町屋二丁目防災スポット,マチヤニチョウメボウサイスポット,,,1006,,,131181,0002002,東京都荒川区町屋2丁目13-11,東京都,荒川区,町屋2丁目,13-11,,,,,,,,,,,1160001,7000020131181,荒川区,,,,,区立防災スポット,可,無,無,有,無,無,無,無,無,無,無,無,無,無,無,無,無,可,無,有,,,,
131181,131181000293,荒川区,町屋三丁目睦防災スポット,マチヤサンチョウメムツミボウサイスポット,,,1006,,,131181,0002003,東京都荒川区町屋3丁目14-13,東京都,荒川区,町屋3丁目,14-13,,,,,,,,,,,1160001,7000020131181,荒川区,,,,,区立防災スポット,可,無,無,有,無,無,無,無,無,無,無,無,無,無,無,無,無,可,無,有,,,,
131181,131181000294,荒川区,豊島通り防災スポット,トシマドオリボウサイスポット,,,1006,,,131181,0002003,東京都荒川区町屋3丁目15-6,東京都,荒川区,町屋3丁目,15-6,,,,,,,,,,,1160001,7000020131181,荒川区,,,,,区立防災スポット,可,無,無,有,無,無,無,無,無,無,無,無,無,無,無,無,無,可,無,有,,,,
131181,131181000295,荒川区,町屋三丁目防災スポット,マチヤサンチョウメボウサイスポット,,,1006,,,131181,0002003,東京都荒川区町屋3丁目30-13,東京都,荒川区,町屋3丁目,30-13,,,,,,,,,,,1160001,7000020131181,荒川区,,,,,区立防災スポット,可,無,無,有,無,無,無,無,無,無,無,無,無,無,無,無,無,可,無,有,,,,
131181,131181000296,荒川区,町屋四丁目江川防災スポット,マチヤヨンチョウメエガワボウサイスポット,,,1006,,,131181,0002004,東京都荒川区町屋4丁目21-2,東京都,荒川区,町屋4丁目,21-2,,,,,,,,,,,1160001,7000020131181,荒川区,,,,,区立防災スポット,可,無,無,有,無,無,無,無,無,無,無,無,無,無,無,無,無,可,無,有,,,,
131181,131181000297,荒川区,町屋四丁目防災スポット,マチヤヨンチョウメボウサイスポット,,,1006,,,131181,0002004,東京都荒川区町屋4丁目23-22,東京都,荒川区,町屋4丁目,23-22,,,,,,,,,,,1160001,7000020131181,荒川区,,,,,区立防災スポット,可,無,無,有,無,無,無,無,無,無,無,無,無,無,無,無,無,可,無,有,,,,
131181,131181000298,荒川区,東尾久小沼防災スポット,ヒガシオグコヌマボウサイスポット,,,1006,,,131181,0003001,東京都荒川区東尾久1丁目21-22,東京都,荒川区,東尾久1丁目,21-22,,,,,,,,,,,1160012,7000020131181,荒川区,,,,,区立防災スポット,可,無,無,有,無,無,無,無,無,無,無,無,無,無,無,無,無,可,無,有,,,,
131181,131181000299,荒川区,東尾久一丁目西防災スポット,ヒガシオグイッチョウメニシボウサイスポット,,,1006,,,131181,0003001,東京都荒川区東尾久1丁目24-14,東京都,荒川区,東尾久1丁目,24-14,,,,,,,,,,,1160012,7000020131181,荒川区,,,,,区立防災スポット,可,無,無,有,無,無,無,無,無,無,無,無,無,無,無,無,無,可,無,有,,,,
131181,131181000300,荒川区,東尾久一丁目防災スポット,ヒガシオグイッチョウメボウサイスポット,,,1006,,,131181,0003001,東京都荒川区東尾久1丁目7-11,東京都,荒川区,東尾久1丁目,7-11,,,,,,,,,,,1160012,7000020131181,荒川区,,,,,区立防災スポット,可,無,無,有,無,無,無,無,無,無,無,無,無,無,無,無,無,可,無,有,,,,
131181,131181000301,荒川区,東尾久五丁目第二防災スポット,ヒガシオグゴチョウメダイニボウサイスポット,,,1006,,,131181,0003005,東京都荒川区東尾久5丁目16-5,東京都,荒川区,東尾久5丁目,16-5,,,,,,,,,,,1160012,7000020131181,荒川区,,,,,区立防災スポット,可,無,無,有,無,無,無,無,無,無,無,無,無,無,無,無,無,可,無,有,,,,
131181,131181000302,荒川区,六仲防災スポット,ロクナカボウサイスポット,,,1006,,,131181,0003006,東京都荒川区東尾久6丁目7-17,東京都,荒川区,東尾久6丁目,7-17,,,,,,,,,,,1160012,7000020131181,荒川区,,,,,区立防災スポット,可,無,無,有,無,無,無,無,無,無,無,無,無,無,無,無,無,可,無,有,,,,
131181,131181000303,荒川区,東尾久五丁目防災スポット,ヒガシオグゴチョウメボウサイスポット,,,1006,,,131181,0003005,東京都荒川区東尾久5丁目33-12,東京都,荒川区,東尾久5丁目,33-12,,,,,,,,,,,1160012,7000020131181,荒川区,,,,,区立防災スポット,可,無,無,有,無,無,無,無,無,無,無,無,無,無,無,無,無,可,無,有,,,,
131181,131181000304,荒川区,熊野前商店街防災スポット,クマノマエショウテンガイボウサイスポット,,,1006,,,131181,0003005,東京都荒川区東尾久5丁目6-10,東京都,荒川区,東尾久5丁目,6-10,,,,,,,,,,,1160012,7000020131181,荒川区,,,,,区立防災スポット,可,無,無,有,無,無,無,無,無,無,無,無,無,無,無,無,無,可,無,有,,,,
131181,131181000305,荒川区,小台通り防災スポット,オダイドオリボウサイスポット,,,1006,,,131181,0001001,東京都荒川区西尾久1丁目18-6,東京都,荒川区,西尾久1丁目,18-6,,,,,,,,,,,1160011,7000020131181,荒川区,,,,,区立防災スポット,可,無,無,有,無,無,無,無,無,無,無,無,無,無,無,無,無,可,無,有,,,,
131181,131181000306,荒川区,西尾久一丁目防災スポット,ニシオグイッチョウメボウサイスポット,,,1006,,,131181,0001001,東京都荒川区西尾久1丁目18-1,東京都,荒川区,西尾久1丁目,18-1,,,,,,,,,,,1160011,7000020131181,荒川区,,,,,区立防災スポット,可,無,無,有,無,無,無,無,無,無,無,無,無,無,無,無,無,可,無,有,,,,
131181,131181000307,荒川区,旧小台通り防災スポット,キュウオダイドオリボウサイスポット,,,1006,,,131181,0001002,東京都荒川区西尾久2丁目31-4,東京都,荒川区,西尾久2丁目,31-4,,,,,,,,,,,1160011,7000020131181,荒川区,,,,,区立防災スポット,可,無,無,有,無,無,無,無,無,無,無,無,無,無,無,無,無,可,無,有,,,,
131181,131181000308,荒川区,西尾久六丁目防災スポット,ニシオグロクチョウメボウサイスポット,,,1006,,,131181,0001006,東京都荒川区西尾久6丁目17-12,東京都,荒川区,西尾久6丁目,17-12,,,,,,,,,,,1160011,7000020131181,荒川区,,,,,区立防災スポット,可,無,無,有,無,無,無,無,無,無,無,無,無,無,無,無,無,可,無,有,,,,
131181,131181000309,荒川区,西尾久六丁目西防災スポット,ニシオグロクチョウメニシボウサイスポット,,,1006,,,131181,0001006,東京都荒川区西尾久6丁目32-17,東京都,荒川区,西尾久6丁目,32-17,,,,,,,,,,,1160011,7000020131181,荒川区,,,,,区立防災スポット,可,無,無,有,無,無,無,無,無,無,無,無,無,無,無,無,無,可,無,有,,,,
131181,131181000310,荒川区,西尾久六丁目東防災スポット,ニシオグロクチョウメヒガシボウサイスポット,,,1006,,,131181,0001006,東京都荒川区西尾久6丁目8-1,東京都,荒川区,西尾久6丁目,8-1,,,,,,,,,,,1160011,7000020131181,荒川区,,,,,区立防災スポット,可,無,無,有,無,無,無,無,無,無,無,無,無,無,無,無,無,可,無,有,,,,
